[{"time":"2/11/2023 : 12/13/34","data":"WEB Server berlari di port 3000"},{"time":"2/11/2023 : 12/13/49","data":"Autentikasi EulaBOT Berhasil"},{"time":"2/11/2023 : 12/13/50","data":"EulaBOT siap Dipakai!"},{"time":"2/11/2023 : 12/14/43","data":"WEB Server berlari di port 3000"},{"time":"2/11/2023 : 12/14/58","data":"Autentikasi EulaBOT Berhasil"},{"time":"2/11/2023 : 12/14/59","data":"EulaBOT siap Dipakai!"},{"time":"2/11/2023 : 12/16/53","data":"WEB Server berlari di port 3000"},{"time":"2/11/2023 : 12/17/9","data":"Autentikasi EulaBOT Berhasil"},{"time":"2/11/2023 : 12/17/9","data":"EulaBOT siap Dipakai!"},{"time":"2/11/2023 : 12/17/48","data":"62895395391278-ahang request Register Group : Process"},{"time":"2/11/2023 : 12/18/8","data":"62895395391278-ahang request Register Group : Process"},{"time":"2/11/2023 : 12/18/8","data":"62895395391278-ahang request Register Group : Success"},{"time":"2/11/2023 : 12/18/31","data":"62895395391278-ahang request Register Group : Process"},{"time":"2/11/2023 : 12/18/31","data":"62895395391278-ahang request Register Group : Success"},{"time":"2/11/2023 : 12/19/31","data":"WEB Server berlari di port 3000"},{"time":"2/11/2023 : 12/19/47","data":"Autentikasi EulaBOT Berhasil"},{"time":"2/11/2023 : 12/19/47","data":"EulaBOT siap Dipakai!"},{"time":"2/11/2023 : 12/20/6","data":"62895395391278-ahang request Register Group : Process"},{"time":"2/11/2023 : 12/20/6","data":"62895395391278-ahang request Register Group : Success"},{"time":"2/11/2023 : 12/20/44","data":"62895395391278-ahang request Register Group : Process"},{"time":"2/11/2023 : 12/20/44","data":"62895395391278-ahang request Register Group : Success"},{"time":"2/11/2023 : 12/23/22","data":"WEB Server berlari di port 3000"},{"time":"2/11/2023 : 12/23/38","data":"Autentikasi EulaBOT Berhasil"},{"time":"2/11/2023 : 12/23/38","data":"EulaBOT siap Dipakai!"},{"time":"2/11/2023 : 12/23/44","data":"62895395391278-ahang request Register Group : Process"},{"time":"2/11/2023 : 12/23/44","data":"62895395391278-ahang request Register Group : Success"},{"time":"2/11/2023 : 12/25/18","data":"WEB Server berlari di port 3000"},{"time":"2/11/2023 : 12/25/36","data":"Autentikasi EulaBOT Berhasil"},{"time":"2/11/2023 : 12/25/36","data":"EulaBOT siap Dipakai!"},{"time":"2/11/2023 : 12/25/52","data":"62895395391278-ahang request Test Command : Process"},{"time":"2/11/2023 : 12/25/52","data":"62895395391278-ahang request Test Command : Success"},{"time":"2/11/2023 : 12/26/41","data":"WEB Server berlari di port 3000"},{"time":"2/11/2023 : 12/26/56","data":"Autentikasi EulaBOT Berhasil"},{"time":"2/11/2023 : 12/26/56","data":"EulaBOT siap Dipakai!"},{"time":"2/11/2023 : 12/27/4","data":"62895395391278-ahang request Test Command : Process"},{"time":"2/11/2023 : 12/27/4","data":"62895395391278-ahang request Test Command : Success"},{"time":"2/11/2023 : 13/33/45","data":"WEB Server berlari di port 3000"},{"time":"2/11/2023 : 13/33/51","data":"Autentikasi EulaBOT Berhasil"},{"time":"2/11/2023 : 13/33/51","data":"EulaBOT siap Dipakai!"},{"time":"2/11/2023 : 13/34/38","data":"62895395391278-ahang request Test Command : Process"},{"time":"2/11/2023 : 13/34/38","data":"62895395391278-ahang request Test Command : Success"},{"time":"2/11/2023 : 13/36/37","data":"WEB Server berlari di port 3000"},{"time":"2/11/2023 : 13/36/52","data":"Autentikasi EulaBOT Berhasil"},{"time":"2/11/2023 : 13/36/52","data":"EulaBOT siap Dipakai!"},{"time":"2/11/2023 : 13/37/43","data":"WEB Server berlari di port 3000"},{"time":"2/11/2023 : 13/37/59","data":"Autentikasi EulaBOT Berhasil"},{"time":"2/11/2023 : 13/37/59","data":"EulaBOT siap Dipakai!"},{"time":"2/11/2023 : 13/38/59","data":"62895395391278-ahang request Test Command : Process"},{"time":"2/11/2023 : 13/38/59","data":"62895395391278-ahang request Test Command : Success"},{"time":"2/11/2023 : 13/39/22","data":"WEB Server berlari di port 3000"},{"time":"2/11/2023 : 13/39/32","data":"WEB Server berlari di port 3000"},{"time":"2/11/2023 : 13/39/47","data":"Autentikasi EulaBOT Berhasil"},{"time":"2/11/2023 : 13/39/47","data":"EulaBOT siap Dipakai!"},{"time":"2/11/2023 : 13/39/49","data":"62895395391278-ahang request Test Command : Process"},{"time":"2/11/2023 : 13/39/49","data":"62895395391278-ahang request Test Command : Success"},{"time":"2/11/2023 : 13/39/52","data":"62895395391278-ahang request Test Command : Process"},{"time":"2/11/2023 : 13/39/52","data":"62895395391278-ahang request Test Command : Success"},{"time":"2/11/2023 : 13/40/29","data":"WEB Server berlari di port 3000"},{"time":"2/11/2023 : 13/40/45","data":"Autentikasi EulaBOT Berhasil"},{"time":"2/11/2023 : 13/40/45","data":"EulaBOT siap Dipakai!"},{"time":"2/11/2023 : 14/14/13","data":"WEB Server berlari di port 3000"},{"time":"2/11/2023 : 14/14/29","data":"Autentikasi EulaBOT Berhasil"},{"time":"2/11/2023 : 14/14/29","data":"EulaBOT siap Dipakai!"},{"time":"2/11/2023 : 14/14/44","data":"WEB Server berlari di port 3000"},{"time":"2/11/2023 : 14/15/0","data":"Autentikasi EulaBOT Berhasil"},{"time":"2/11/2023 : 14/15/1","data":"EulaBOT siap Dipakai!"},{"time":"2/11/2023 : 15/51/55","data":"WEB Server berlari di port 3000"},{"time":"2/11/2023 : 15/52/13","data":"Autentikasi EulaBOT Berhasil"},{"time":"2/11/2023 : 15/52/13","data":"EulaBOT siap Dipakai!"},{"time":"2/11/2023 : 15/52/27","data":"WEB Server berlari di port 3000"},{"time":"2/11/2023 : 15/52/40","data":"WEB Server berlari di port 3000"},{"time":"2/11/2023 : 15/52/56","data":"Autentikasi EulaBOT Berhasil"},{"time":"2/11/2023 : 15/52/56","data":"EulaBOT siap Dipakai!"},{"time":"2/11/2023 : 15/53/11","data":"WEB Server berlari di port 3000"},{"time":"2/11/2023 : 15/53/58","data":"Autentikasi EulaBOT Berhasil"},{"time":"2/11/2023 : 15/53/59","data":"EulaBOT siap Dipakai!"},{"time":"2/11/2023 : 17/10/33","data":"WEB Server berlari di port 3000"},{"time":"2/11/2023 : 17/10/48","data":"Autentikasi EulaBOT Berhasil"},{"time":"2/11/2023 : 17/10/48","data":"EulaBOT siap Dipakai!"},{"time":"2/11/2023 : 17/11/14","data":"62895395391278-ahang request Test Command : Process"},{"time":"2/11/2023 : 17/11/14","data":"62895395391278-ahang request Test Command : Success"},{"time":"2/11/2023 : 17/12/25","data":"WEB Server berlari di port 3000"},{"time":"2/11/2023 : 17/12/40","data":"Autentikasi EulaBOT Berhasil"},{"time":"2/11/2023 : 17/12/40","data":"EulaBOT siap Dipakai!"},{"time":"2/11/2023 : 17/23/21","data":"WEB Server berlari di port 3000"},{"time":"2/11/2023 : 17/23/36","data":"Autentikasi EulaBOT Berhasil"},{"time":"2/11/2023 : 17/23/36","data":"EulaBOT siap Dipakai!"},{"time":"2/11/2023 : 17/27/33","data":"WEB Server berlari di port 3000"},{"time":"2/11/2023 : 17/27/48","data":"Autentikasi EulaBOT Berhasil"},{"time":"2/11/2023 : 17/27/49","data":"EulaBOT siap Dipakai!"},{"time":"3/11/2023 : 7/43/34","data":"WEB Server berlari di port 3000"},{"time":"3/11/2023 : 7/43/49","data":"Autentikasi EulaBOT Berhasil"},{"time":"3/11/2023 : 7/43/50","data":"EulaBOT siap Dipakai!"},{"time":"3/11/2023 : 7/44/41","data":"WEB Server berlari di port 3000"},{"time":"3/11/2023 : 7/44/56","data":"Autentikasi EulaBOT Berhasil"},{"time":"3/11/2023 : 7/44/56","data":"EulaBOT siap Dipakai!"},{"time":"3/11/2023 : 7/45/0","data":"62895395391278-ahang request Test Command : Process"},{"time":"3/11/2023 : 7/45/0","data":"62895395391278-ahang request Test Command : Success"},{"time":"3/11/2023 : 7/45/16","data":"WEB Server berlari di port 3000"},{"time":"3/11/2023 : 7/45/32","data":"Autentikasi EulaBOT Berhasil"},{"time":"3/11/2023 : 7/45/32","data":"EulaBOT siap Dipakai!"},{"time":"3/11/2023 : 7/46/52","data":"WEB Server berlari di port 3000"},{"time":"3/11/2023 : 7/47/7","data":"Autentikasi EulaBOT Berhasil"},{"time":"3/11/2023 : 7/47/7","data":"EulaBOT siap Dipakai!"},{"time":"3/11/2023 : 7/47/48","data":"WEB Server berlari di port 3000"},{"time":"3/11/2023 : 7/48/3","data":"Autentikasi EulaBOT Berhasil"},{"time":"3/11/2023 : 7/48/3","data":"EulaBOT siap Dipakai!"},{"time":"3/11/2023 : 7/49/38","data":"WEB Server berlari di port 3000"},{"time":"3/11/2023 : 7/49/53","data":"Autentikasi EulaBOT Berhasil"},{"time":"3/11/2023 : 7/49/54","data":"EulaBOT siap Dipakai!"},{"time":"3/11/2023 : 7/53/2","data":"WEB Server berlari di port 3000"},{"time":"3/11/2023 : 7/53/35","data":"WEB Server berlari di port 3000"},{"time":"3/11/2023 : 7/53/50","data":"Autentikasi EulaBOT Berhasil"},{"time":"3/11/2023 : 7/53/50","data":"EulaBOT siap Dipakai!"},{"time":"3/11/2023 : 7/54/21","data":"WEB Server berlari di port 3000"},{"time":"3/11/2023 : 7/54/36","data":"Autentikasi EulaBOT Berhasil"},{"time":"3/11/2023 : 7/54/37","data":"EulaBOT siap Dipakai!"},{"time":"3/11/2023 : 7/56/47","data":"WEB Server berlari di port 3000"},{"time":"3/11/2023 : 7/57/2","data":"Autentikasi EulaBOT Berhasil"},{"time":"3/11/2023 : 7/57/2","data":"EulaBOT siap Dipakai!"},{"time":"3/11/2023 : 8/2/41","data":"WEB Server berlari di port 3000"},{"time":"3/11/2023 : 8/2/57","data":"Autentikasi EulaBOT Berhasil"},{"time":"3/11/2023 : 8/2/57","data":"EulaBOT siap Dipakai!"},{"time":"3/11/2023 : 8/10/2","data":"WEB Server berlari di port 3000"},{"time":"3/11/2023 : 8/10/17","data":"Autentikasi EulaBOT Berhasil"},{"time":"3/11/2023 : 8/10/18","data":"EulaBOT siap Dipakai!"},{"time":"3/11/2023 : 9/54/40","data":"WEB Server berlari di port 3000"},{"time":"3/11/2023 : 9/54/56","data":"Autentikasi EulaBOT Berhasil"},{"time":"3/11/2023 : 9/54/56","data":"EulaBOT siap Dipakai!"},{"time":"3/11/2023 : 9/55/34","data":"62895395391278-ahang request Stiker : Process"},{"time":"3/11/2023 : 9/55/34","data":"62895395391278-ahang request Stiker : Success"},{"time":"3/11/2023 : 9/55/47","data":"62895395391278-ahang request Stiker : Process"},{"time":"3/11/2023 : 9/55/47","data":"62895395391278-ahang request Stiker : Success"},{"time":"3/11/2023 : 9/55/56","data":"62895395391278-ahang request Stiker to image : Process"},{"time":"3/11/2023 : 9/55/56","data":"62895395391278-ahang request Stiker to image : Success"},{"time":"3/11/2023 : 9/57/38","data":"62895395391278-ahang request spy media : Process"},{"time":"3/11/2023 : 9/57/39","data":"62895395391278-ahang request spy media : Success send Image"},{"time":"3/11/2023 : 9/58/27","data":"62895395391278-ahang request spy media : Process"},{"time":"3/11/2023 : 9/58/29","data":"62895395391278-ahang request spy media : Failed send Video"},{"time":"3/11/2023 : 9/59/22","data":"62895395391278-ahang request Test Command : Process"},{"time":"3/11/2023 : 9/59/22","data":"62895395391278-ahang request Test Command : Success"},{"time":"3/11/2023 : 21/36/57","data":"WEB Server berlari di port 3000"},{"time":"3/11/2023 : 21/37/20","data":"Autentikasi EulaBOT Berhasil"},{"time":"3/11/2023 : 21/37/20","data":"EulaBOT siap Dipakai!"},{"time":"3/11/2023 : 21/37/55","data":"WEB Server berlari di port 3000"},{"time":"3/11/2023 : 21/38/12","data":"Autentikasi EulaBOT Berhasil"},{"time":"3/11/2023 : 21/38/13","data":"EulaBOT siap Dipakai!"},{"time":"3/11/2023 : 21/42/56","data":"WEB Server berlari di port 3000"},{"time":"3/11/2023 : 21/43/13","data":"Autentikasi EulaBOT Berhasil"},{"time":"3/11/2023 : 21/43/13","data":"EulaBOT siap Dipakai!"},{"time":"3/11/2023 : 21/44/32","data":"WEB Server berlari di port 3000"},{"time":"3/11/2023 : 21/44/48","data":"Autentikasi EulaBOT Berhasil"},{"time":"3/11/2023 : 21/44/48","data":"EulaBOT siap Dipakai!"},{"time":"3/11/2023 : 23/46/20","data":"WEB Server berlari di port 3000"},{"time":"3/11/2023 : 23/52/3","data":"WEB Server berlari di port 3000"},{"time":"3/11/2023 : 23/52/19","data":"Autentikasi EulaBOT Berhasil"},{"time":"3/11/2023 : 23/52/20","data":"EulaBOT siap Dipakai!"},{"time":"3/11/2023 : 23/53/9","data":"WEB Server berlari di port 3000"},{"time":"3/11/2023 : 23/53/24","data":"Autentikasi EulaBOT Berhasil"},{"time":"3/11/2023 : 23/53/25","data":"EulaBOT siap Dipakai!"},{"time":"3/11/2023 : 23/54/5","data":"WEB Server berlari di port 3000"},{"time":"3/11/2023 : 23/54/21","data":"Autentikasi EulaBOT Berhasil"},{"time":"3/11/2023 : 23/54/21","data":"EulaBOT siap Dipakai!"},{"time":"3/11/2023 : 23/54/58","data":"WEB Server berlari di port 3000"},{"time":"3/11/2023 : 23/55/13","data":"Autentikasi EulaBOT Berhasil"},{"time":"3/11/2023 : 23/55/13","data":"EulaBOT siap Dipakai!"},{"time":"3/11/2023 : 23/56/6","data":"WEB Server berlari di port 3000"},{"time":"3/11/2023 : 23/56/21","data":"Autentikasi EulaBOT Berhasil"},{"time":"3/11/2023 : 23/56/21","data":"EulaBOT siap Dipakai!"},{"time":"3/11/2023 : 23/58/59","data":"WEB Server berlari di port 3000"},{"time":"3/11/2023 : 23/59/15","data":"Autentikasi EulaBOT Berhasil"},{"time":"3/11/2023 : 23/59/16","data":"EulaBOT siap Dipakai!"},{"time":"4/11/2023 : 8/0/30","data":"WEB Server berlari di port 3000"},{"time":"4/11/2023 : 8/0/36","data":"Autentikasi EulaBOT Berhasil"},{"time":"4/11/2023 : 8/0/37","data":"EulaBOT siap Dipakai!"},{"time":"4/11/2023 : 8/32/29","data":"WEB Server berlari di port 3000"},{"time":"4/11/2023 : 8/32/51","data":"Autentikasi EulaBOT Berhasil"},{"time":"4/11/2023 : 8/32/51","data":"EulaBOT siap Dipakai!"},{"time":"4/11/2023 : 8/34/23","data":"WEB Server berlari di port 3000"},{"time":"4/11/2023 : 8/34/38","data":"Autentikasi EulaBOT Berhasil"},{"time":"4/11/2023 : 8/34/38","data":"EulaBOT siap Dipakai!"},{"time":"4/11/2023 : 8/35/16","data":"WEB Server berlari di port 3000"},{"time":"4/11/2023 : 8/35/32","data":"Autentikasi EulaBOT Berhasil"},{"time":"4/11/2023 : 8/35/33","data":"EulaBOT siap Dipakai!"},{"time":"4/11/2023 : 8/36/12","data":"WEB Server berlari di port 3000"},{"time":"4/11/2023 : 8/36/28","data":"Autentikasi EulaBOT Berhasil"},{"time":"4/11/2023 : 8/36/28","data":"EulaBOT siap Dipakai!"},{"time":"4/11/2023 : 8/36/51","data":"WEB Server berlari di port 3000"},{"time":"4/11/2023 : 8/37/7","data":"Autentikasi EulaBOT Berhasil"},{"time":"4/11/2023 : 8/37/7","data":"EulaBOT siap Dipakai!"},{"time":"4/11/2023 : 8/38/45","data":"WEB Server berlari di port 3000"},{"time":"4/11/2023 : 8/39/1","data":"Autentikasi EulaBOT Berhasil"},{"time":"4/11/2023 : 8/39/1","data":"EulaBOT siap Dipakai!"},{"time":"4/11/2023 : 8/44/18","data":"WEB Server berlari di port 3000"},{"time":"4/11/2023 : 8/44/34","data":"Autentikasi EulaBOT Berhasil"},{"time":"4/11/2023 : 8/44/34","data":"EulaBOT siap Dipakai!"},{"time":"4/11/2023 : 8/45/40","data":"WEB Server berlari di port 3000"},{"time":"4/11/2023 : 8/45/58","data":"Autentikasi EulaBOT Berhasil"},{"time":"4/11/2023 : 8/45/58","data":"EulaBOT siap Dipakai!"},{"time":"4/11/2023 : 9/14/1","data":"WEB Server berlari di port 3000"},{"time":"4/11/2023 : 9/14/16","data":"Autentikasi EulaBOT Berhasil"},{"time":"4/11/2023 : 9/14/17","data":"EulaBOT siap Dipakai!"},{"time":"4/11/2023 : 9/16/23","data":"WEB Server berlari di port 3000"},{"time":"4/11/2023 : 9/16/39","data":"Autentikasi EulaBOT Berhasil"},{"time":"4/11/2023 : 9/16/39","data":"EulaBOT siap Dipakai!"},{"time":"4/11/2023 : 9/17/41","data":"WEB Server berlari di port 3000"},{"time":"4/11/2023 : 9/17/57","data":"Autentikasi EulaBOT Berhasil"},{"time":"4/11/2023 : 9/17/57","data":"EulaBOT siap Dipakai!"},{"time":"4/11/2023 : 9/27/54","data":"WEB Server berlari di port 3000"},{"time":"4/11/2023 : 9/28/14","data":"Autentikasi EulaBOT Berhasil"},{"time":"4/11/2023 : 9/28/14","data":"EulaBOT siap Dipakai!"},{"time":"4/11/2023 : 9/28/59","data":"WEB Server berlari di port 3000"},{"time":"4/11/2023 : 9/29/18","data":"Autentikasi EulaBOT Berhasil"},{"time":"4/11/2023 : 9/29/18","data":"EulaBOT siap Dipakai!"},{"time":"4/11/2023 : 9/29/47","data":"WEB Server berlari di port 3000"},{"time":"4/11/2023 : 9/30/3","data":"Autentikasi EulaBOT Berhasil"},{"time":"4/11/2023 : 9/30/3","data":"EulaBOT siap Dipakai!"},{"time":"4/11/2023 : 9/31/22","data":"WEB Server berlari di port 3000"},{"time":"4/11/2023 : 9/31/38","data":"Autentikasi EulaBOT Berhasil"},{"time":"4/11/2023 : 9/31/39","data":"EulaBOT siap Dipakai!"},{"time":"4/11/2023 : 10/39/55","data":"WEB Server berlari di port 3000"},{"time":"4/11/2023 : 10/40/11","data":"Autentikasi EulaBOT Berhasil"},{"time":"4/11/2023 : 10/40/11","data":"EulaBOT siap Dipakai!"},{"time":"4/11/2023 : 10/41/1","data":"WEB Server berlari di port 3000"},{"time":"4/11/2023 : 10/41/17","data":"Autentikasi EulaBOT Berhasil"},{"time":"4/11/2023 : 10/41/17","data":"EulaBOT siap Dipakai!"},{"time":"4/11/2023 : 11/16/10","data":"WEB Server berlari di port 3000"},{"time":"4/11/2023 : 11/16/25","data":"Autentikasi EulaBOT Berhasil"},{"time":"4/11/2023 : 11/16/25","data":"EulaBOT siap Dipakai!"},{"time":"4/11/2023 : 11/17/55","data":"62895395391278-ahang request TikTok Downloader : Process"},{"time":"4/11/2023 : 11/18/0","data":"62895395391278-ahang request TikTok Downloader : Success"},{"time":"4/11/2023 : 11/20/46","data":"WEB Server berlari di port 3000"},{"time":"4/11/2023 : 11/21/2","data":"Autentikasi EulaBOT Berhasil"},{"time":"4/11/2023 : 11/21/2","data":"EulaBOT siap Dipakai!"},{"time":"4/11/2023 : 11/21/12","data":"62895395391278-ahang request TikTok Downloader MP4 : Process"},{"time":"4/11/2023 : 11/21/16","data":"62895395391278-ahang request TikTok Downloader MP4 : Success"},{"time":"4/11/2023 : 11/45/13","data":"62895395391278-ahang request Menu : Process"},{"time":"4/11/2023 : 11/45/13","data":"62895395391278-ahang request Menu : Success"},{"time":"4/11/2023 : 12/21/32","data":"WEB Server berlari di port 3000"},{"time":"4/11/2023 : 12/21/48","data":"Autentikasi EulaBOT Berhasil"},{"time":"4/11/2023 : 12/21/48","data":"EulaBOT siap Dipakai!"},{"time":"4/11/2023 : 12/24/44","data":"WEB Server berlari di port 3000"},{"time":"4/11/2023 : 12/25/0","data":"Autentikasi EulaBOT Berhasil"},{"time":"4/11/2023 : 12/25/0","data":"EulaBOT siap Dipakai!"},{"time":"4/11/2023 : 23/33/6","data":"WEB Server berlari di port 3000"},{"time":"4/11/2023 : 23/33/25","data":"Autentikasi EulaBOT Berhasil"},{"time":"4/11/2023 : 23/33/26","data":"EulaBOT siap Dipakai!"},{"time":"4/11/2023 : 23/33/50","data":"WEB Server berlari di port 3000"},{"time":"4/11/2023 : 23/33/56","data":"Autentikasi EulaBOT Berhasil"},{"time":"4/11/2023 : 23/33/56","data":"EulaBOT siap Dipakai!"},{"time":"4/11/2023 : 23/36/16","data":"WEB Server berlari di port 3000"},{"time":"4/11/2023 : 23/36/31","data":"Autentikasi EulaBOT Berhasil"},{"time":"4/11/2023 : 23/36/32","data":"EulaBOT siap Dipakai!"},{"time":"4/11/2023 : 23/37/13","data":"WEB Server berlari di port 3000"},{"time":"4/11/2023 : 23/37/28","data":"Autentikasi EulaBOT Berhasil"},{"time":"4/11/2023 : 23/37/28","data":"EulaBOT siap Dipakai!"},{"time":"4/11/2023 : 23/46/55","data":"WEB Server berlari di port 3000"},{"time":"4/11/2023 : 23/47/13","data":"Autentikasi EulaBOT Berhasil"},{"time":"4/11/2023 : 23/47/13","data":"EulaBOT siap Dipakai!"},{"time":"4/11/2023 : 23/55/43","data":"WEB Server berlari di port 3000"},{"time":"4/11/2023 : 23/55/59","data":"Autentikasi EulaBOT Berhasil"},{"time":"4/11/2023 : 23/56/0","data":"EulaBOT siap Dipakai!"},{"time":"5/11/2023 : 0/8/38","data":"WEB Server berlari di port 3000"},{"time":"5/11/2023 : 0/8/54","data":"Autentikasi EulaBOT Berhasil"},{"time":"5/11/2023 : 0/8/54","data":"EulaBOT siap Dipakai!"},{"time":"5/11/2023 : 0/10/17","data":"WEB Server berlari di port 3000"},{"time":"5/11/2023 : 0/10/32","data":"Autentikasi EulaBOT Berhasil"},{"time":"5/11/2023 : 0/10/33","data":"EulaBOT siap Dipakai!"},{"time":"5/11/2023 : 0/11/45","data":"WEB Server berlari di port 3000"},{"time":"5/11/2023 : 0/12/1","data":"Autentikasi EulaBOT Berhasil"},{"time":"5/11/2023 : 0/12/1","data":"EulaBOT siap Dipakai!"},{"time":"5/11/2023 : 0/13/20","data":"WEB Server berlari di port 3000"},{"time":"5/11/2023 : 0/13/35","data":"Autentikasi EulaBOT Berhasil"},{"time":"5/11/2023 : 0/13/35","data":"EulaBOT siap Dipakai!"},{"time":"5/11/2023 : 0/16/26","data":"WEB Server berlari di port 3000"},{"time":"5/11/2023 : 0/16/42","data":"Autentikasi EulaBOT Berhasil"},{"time":"5/11/2023 : 0/16/42","data":"EulaBOT siap Dipakai!"},{"time":"5/11/2023 : 0/18/35","data":"WEB Server berlari di port 3000"},{"time":"5/11/2023 : 0/18/51","data":"Autentikasi EulaBOT Berhasil"},{"time":"5/11/2023 : 0/18/51","data":"EulaBOT siap Dipakai!"},{"time":"5/11/2023 : 0/24/11","data":"WEB Server berlari di port 3000"},{"time":"5/11/2023 : 0/24/27","data":"Autentikasi EulaBOT Berhasil"},{"time":"5/11/2023 : 0/24/28","data":"EulaBOT siap Dipakai!"},{"time":"5/11/2023 : 8/3/57","data":"WEB Server berlari di port 3000"},{"time":"5/11/2023 : 10/46/19","data":"WEB Server berlari di port 3000"},{"time":"5/11/2023 : 10/46/35","data":"Autentikasi EulaBOT Berhasil"},{"time":"5/11/2023 : 10/46/35","data":"EulaBOT siap Dipakai!"},{"time":"5/11/2023 : 10/48/13","data":"WEB Server berlari di port 3000"},{"time":"5/11/2023 : 10/48/29","data":"Autentikasi EulaBOT Berhasil"},{"time":"5/11/2023 : 10/48/29","data":"EulaBOT siap Dipakai!"},{"time":"5/11/2023 : 10/49/57","data":"WEB Server berlari di port 3000"},{"time":"5/11/2023 : 10/50/12","data":"Autentikasi EulaBOT Berhasil"},{"time":"5/11/2023 : 10/50/13","data":"EulaBOT siap Dipakai!"},{"time":"5/11/2023 : 10/50/57","data":"WEB Server berlari di port 3000"},{"time":"5/11/2023 : 10/51/12","data":"Autentikasi EulaBOT Berhasil"},{"time":"5/11/2023 : 10/51/12","data":"EulaBOT siap Dipakai!"},{"time":"5/11/2023 : 10/51/45","data":"WEB Server berlari di port 3000"},{"time":"5/11/2023 : 10/52/0","data":"Autentikasi EulaBOT Berhasil"},{"time":"5/11/2023 : 10/52/1","data":"EulaBOT siap Dipakai!"},{"time":"5/11/2023 : 10/54/58","data":"WEB Server berlari di port 3000"},{"time":"5/11/2023 : 10/55/14","data":"Autentikasi EulaBOT Berhasil"},{"time":"5/11/2023 : 10/55/14","data":"EulaBOT siap Dipakai!"},{"time":"5/11/2023 : 10/55/59","data":"WEB Server berlari di port 3000"},{"time":"5/11/2023 : 10/56/14","data":"Autentikasi EulaBOT Berhasil"},{"time":"5/11/2023 : 10/56/14","data":"EulaBOT siap Dipakai!"},{"time":"5/11/2023 : 22/23/44","data":"WEB Server berlari di port 3000"},{"time":"5/11/2023 : 22/24/1","data":"Autentikasi EulaBOT Berhasil"},{"time":"5/11/2023 : 22/24/2","data":"EulaBOT siap Dipakai!"},{"time":"5/11/2023 : 22/24/23","data":"WEB Server berlari di port 3000"},{"time":"5/11/2023 : 22/24/38","data":"Autentikasi EulaBOT Berhasil"},{"time":"5/11/2023 : 22/24/39","data":"EulaBOT siap Dipakai!"},{"time":"5/11/2023 : 22/24/55","data":"62895395391278-ahang request Youtube Downloader MP4 : Process"},{"time":"5/11/2023 : 22/27/26","data":"62895395391278-ahang request Youtube Downloader MP4 : Process"},{"time":"5/11/2023 : 22/27/48","data":"WEB Server berlari di port 3000"},{"time":"5/11/2023 : 22/28/5","data":"Autentikasi EulaBOT Berhasil"},{"time":"5/11/2023 : 22/28/5","data":"EulaBOT siap Dipakai!"},{"time":"5/11/2023 : 22/28/14","data":"62895395391278-ahang request Youtube Downloader MP4 : Process"},{"time":"6/11/2023 : 11/58/43","data":"WEB Server berlari di port 3000"},{"time":"6/11/2023 : 11/58/59","data":"Autentikasi EulaBOT Berhasil"},{"time":"6/11/2023 : 11/58/59","data":"EulaBOT siap Dipakai!"},{"time":"6/11/2023 : 11/59/58","data":"WEB Server berlari di port 3000"},{"time":"6/11/2023 : 12/0/14","data":"Autentikasi EulaBOT Berhasil"},{"time":"6/11/2023 : 12/0/14","data":"EulaBOT siap Dipakai!"},{"time":"6/11/2023 : 12/2/35","data":"WEB Server berlari di port 3000"},{"time":"6/11/2023 : 12/2/52","data":"Autentikasi EulaBOT Berhasil"},{"time":"6/11/2023 : 12/2/52","data":"EulaBOT siap Dipakai!"},{"time":"6/11/2023 : 12/11/12","data":"WEB Server berlari di port 3000"},{"time":"6/11/2023 : 12/11/28","data":"Autentikasi EulaBOT Berhasil"},{"time":"6/11/2023 : 12/11/28","data":"EulaBOT siap Dipakai!"},{"time":"18/11/2023 : 12/49/56","data":"WEB Server berlari di port 3000"},{"time":"18/11/2023 : 12/52/38","data":"WEB Server berlari di port 3000"},{"time":"18/11/2023 : 12/53/39","data":"Autentikasi EulaBOT Berhasil"},{"time":"18/11/2023 : 12/53/40","data":"EulaBOT siap Dipakai!"},{"time":"18/11/2023 : 12/56/0","data":"62895395391278-ahang request Menu : Process"},{"time":"18/11/2023 : 12/56/1","data":"62895395391278-ahang request Menu : Success"},{"time":"18/11/2023 : 12/56/10","data":"62895395391278-ahang request Test Command : Process"},{"time":"18/11/2023 : 12/56/10","data":"62895395391278-ahang request Test Command : Success"},{"time":"18/11/2023 : 12/56/15","data":"62895395391278-ahang request Test Command : Process"},{"time":"18/11/2023 : 12/56/15","data":"62895395391278-ahang request Test Command : Success"},{"time":"18/11/2023 : 13/10/15","data":"62895395391278-ahang request Test Command : Process"},{"time":"18/11/2023 : 13/10/15","data":"62895395391278-ahang request Test Command : Success"},{"time":"18/11/2023 : 13/14/25","data":"WEB Server berlari di port 3000"},{"time":"18/11/2023 : 13/14/41","data":"Autentikasi EulaBOT Berhasil"},{"time":"18/11/2023 : 13/14/42","data":"EulaBOT siap Dipakai!"},{"time":"18/11/2023 : 13/15/32","data":"WEB Server berlari di port 3000"},{"time":"18/11/2023 : 13/15/47","data":"Autentikasi EulaBOT Berhasil"},{"time":"18/11/2023 : 13/15/47","data":"EulaBOT siap Dipakai!"},{"time":"18/11/2023 : 13/16/57","data":"WEB Server berlari di port 3000"},{"time":"18/11/2023 : 13/17/12","data":"Autentikasi EulaBOT Berhasil"},{"time":"18/11/2023 : 13/17/12","data":"EulaBOT siap Dipakai!"},{"time":"18/11/2023 : 13/18/49","data":"WEB Server berlari di port 3000"},{"time":"18/11/2023 : 13/19/6","data":"Autentikasi EulaBOT Berhasil"},{"time":"18/11/2023 : 13/19/7","data":"EulaBOT siap Dipakai!"},{"time":"18/11/2023 : 13/28/44","data":"WEB Server berlari di port 3000"},{"time":"18/11/2023 : 13/28/59","data":"Autentikasi EulaBOT Berhasil"},{"time":"18/11/2023 : 13/28/59","data":"EulaBOT siap Dipakai!"},{"time":"18/11/2023 : 13/42/45","data":"WEB Server berlari di port 3000"},{"time":"18/11/2023 : 13/43/0","data":"Autentikasi EulaBOT Berhasil"},{"time":"18/11/2023 : 13/43/0","data":"EulaBOT siap Dipakai!"},{"time":"18/11/2023 : 13/57/28","data":"WEB Server berlari di port 3000"},{"time":"18/11/2023 : 13/57/34","data":"Autentikasi EulaBOT Berhasil"},{"time":"18/11/2023 : 13/57/34","data":"EulaBOT siap Dipakai!"},{"time":"18/11/2023 : 13/57/39","data":"62895395391278-ahang request Menu : Process"},{"time":"18/11/2023 : 13/57/39","data":"62895395391278-ahang request Menu : Success"},{"time":"18/11/2023 : 13/58/2","data":"62895395391278-ahang request Jadwal Sholat : Process"},{"time":"18/11/2023 : 13/58/3","data":"62895395391278-ahang request Jadwal Sholat : Success "},{"time":"18/11/2023 : 14/2/2","data":"WEB Server berlari di port 3000"},{"time":"18/11/2023 : 14/2/17","data":"Autentikasi EulaBOT Berhasil"},{"time":"18/11/2023 : 14/2/17","data":"EulaBOT siap Dipakai!"},{"time":"18/11/2023 : 14/2/23","data":"62895395391278-ahang request Menu : Process"},{"time":"18/11/2023 : 14/2/23","data":"62895395391278-ahang request Menu : Success"},{"time":"18/11/2023 : 23/24/12","data":"WEB Server berlari di port 3000"},{"time":"18/11/2023 : 23/24/28","data":"WEB Server berlari di port 3000"},{"time":"18/11/2023 : 23/24/45","data":"Autentikasi EulaBOT Berhasil"},{"time":"18/11/2023 : 23/24/45","data":"EulaBOT siap Dipakai!"},{"time":"18/11/2023 : 23/26/1","data":"WEB Server berlari di port 3000"},{"time":"18/11/2023 : 23/26/16","data":"Autentikasi EulaBOT Berhasil"},{"time":"18/11/2023 : 23/26/16","data":"EulaBOT siap Dipakai!"},{"time":"18/11/2023 : 23/26/53","data":"WEB Server berlari di port 3000"},{"time":"18/11/2023 : 23/27/9","data":"Autentikasi EulaBOT Berhasil"},{"time":"18/11/2023 : 23/27/9","data":"EulaBOT siap Dipakai!"},{"time":"18/11/2023 : 23/42/41","data":"WEB Server berlari di port 3000"},{"time":"18/11/2023 : 23/42/57","data":"Autentikasi EulaBOT Berhasil"},{"time":"18/11/2023 : 23/42/57","data":"EulaBOT siap Dipakai!"},{"time":"18/11/2023 : 23/46/53","data":"WEB Server berlari di port 3000"},{"time":"18/11/2023 : 23/47/8","data":"Autentikasi EulaBOT Berhasil"},{"time":"18/11/2023 : 23/47/8","data":"EulaBOT siap Dipakai!"},{"time":"19/11/2023 : 11/16/41","data":"WEB Server berlari di port 3000"},{"time":"19/11/2023 : 11/16/57","data":"Autentikasi EulaBOT Berhasil"},{"time":"19/11/2023 : 11/16/57","data":"EulaBOT siap Dipakai!"},{"time":"19/11/2023 : 11/25/44","data":"62895395391278-ahang request Test Command : Process"},{"time":"19/11/2023 : 11/25/44","data":"62895395391278-ahang request Test Command : Success"},{"time":"19/11/2023 : 11/30/35","data":"62895395391278-ahang request Jadwal Sholat : Process"},{"time":"19/11/2023 : 11/30/36","data":"62895395391278-ahang request Jadwal Sholat : Success "},{"time":"19/11/2023 : 11/31/13","data":"62895395391278-ahang request Jadwal Sholat : Process"},{"time":"19/11/2023 : 11/31/14","data":"62895395391278-ahang request Jadwal Sholat : Success "},{"time":"22/11/2023 : 21/19/11","data":"WEB Server berlari di port 3000"},{"time":"22/11/2023 : 21/19/34","data":"Autentikasi EulaBOT Berhasil"},{"time":"22/11/2023 : 21/19/34","data":"EulaBOT siap Dipakai!"},{"time":"22/11/2023 : 21/21/9","data":"62895395391278-ahang request Wangi 1 : Process"},{"time":"22/11/2023 : 21/21/9","data":"62895395391278-ahang request Wangi 1 : Success, Waifu :eula"},{"time":"22/11/2023 : 21/21/12","data":"62895395391278-ahang request Wangi 2 : Process"},{"time":"22/11/2023 : 21/21/12","data":"62895395391278-ahang request Wangi 2 : Success, Waifu :eula"},{"time":"22/11/2023 : 21/21/44","data":"62895395391278-ahang request Wangi 3 : Process"},{"time":"22/11/2023 : 21/21/44","data":"62895395391278-ahang request Wangi 3 : Success, Waifu :eula"},{"time":"22/11/2023 : 21/22/6","data":"62895395391278-ahang request Wangi 4 : Process"},{"time":"22/11/2023 : 21/22/6","data":"62895395391278-ahang request Wangi 4 : Success, Waifu :eula"},{"time":"22/11/2023 : 21/22/50","data":"62895395391278-ahang request Wangi Furry : Process"},{"time":"22/11/2023 : 21/22/50","data":"62895395391278-ahang request Wangi Furry : Success, Waifu :wedus"},{"time":"22/11/2023 : 21/27/53","data":"62895395391278-ahang request Menu : Process"},{"time":"22/11/2023 : 21/27/53","data":"62895395391278-ahang request Menu : Success"},{"time":"22/11/2023 : 21/28/14","data":"62895395391278-ahang request Menu : Process"},{"time":"22/11/2023 : 21/28/14","data":"62895395391278-ahang request Menu : Success"},{"time":"22/11/2023 : 21/28/51","data":"WEB Server berlari di port 3000"},{"time":"22/11/2023 : 21/29/7","data":"Autentikasi EulaBOT Berhasil"},{"time":"22/11/2023 : 21/29/7","data":"EulaBOT siap Dipakai!"},{"time":"22/11/2023 : 21/29/15","data":"62895395391278-ahang request Menu : Process"},{"time":"22/11/2023 : 21/29/15","data":"62895395391278-ahang request Menu : Success"},{"time":"22/11/2023 : 21/29/37","data":"62895395391278-ahang request Menu : Process"},{"time":"22/11/2023 : 21/29/38","data":"62895395391278-ahang request Menu : Success"},{"time":"22/11/2023 : 21/30/23","data":"WEB Server berlari di port 3000"},{"time":"22/11/2023 : 21/30/40","data":"Autentikasi EulaBOT Berhasil"},{"time":"22/11/2023 : 21/30/40","data":"EulaBOT siap Dipakai!"},{"time":"22/11/2023 : 21/30/47","data":"62895395391278-ahang request Menu : Process"},{"time":"22/11/2023 : 21/30/47","data":"62895395391278-ahang request Menu : Success"},{"time":"22/11/2023 : 21/32/54","data":"WEB Server berlari di port 3000"},{"time":"22/11/2023 : 21/33/10","data":"Autentikasi EulaBOT Berhasil"},{"time":"22/11/2023 : 21/33/10","data":"EulaBOT siap Dipakai!"},{"time":"22/11/2023 : 21/33/14","data":"62895395391278-ahang request Menu : Process"},{"time":"22/11/2023 : 21/33/14","data":"62895395391278-ahang request Menu : Success"},{"time":"22/11/2023 : 21/34/30","data":"WEB Server berlari di port 3000"},{"time":"22/11/2023 : 21/34/47","data":"Autentikasi EulaBOT Berhasil"},{"time":"22/11/2023 : 21/34/47","data":"EulaBOT siap Dipakai!"},{"time":"22/11/2023 : 21/34/50","data":"62895395391278-ahang request Menu : Process"},{"time":"22/11/2023 : 21/34/50","data":"62895395391278-ahang request Menu : Success"},{"time":"22/11/2023 : 21/49/32","data":"WEB Server berlari di port 3000"},{"time":"22/11/2023 : 21/49/48","data":"Autentikasi EulaBOT Berhasil"},{"time":"22/11/2023 : 21/49/49","data":"EulaBOT siap Dipakai!"},{"time":"22/11/2023 : 21/49/54","data":"62895395391278-ahang request Menu : Process"},{"time":"22/11/2023 : 21/49/54","data":"62895395391278-ahang request Menu : Success"},{"time":"22/11/2023 : 21/50/29","data":"62895395391278-ahang request Menu : Process"},{"time":"22/11/2023 : 21/50/29","data":"62895395391278-ahang request Menu : Success"},{"time":"22/11/2023 : 22/9/36","data":"WEB Server berlari di port 3000"},{"time":"22/11/2023 : 22/9/51","data":"Autentikasi EulaBOT Berhasil"},{"time":"22/11/2023 : 22/9/51","data":"EulaBOT siap Dipakai!"},{"time":"22/11/2023 : 22/9/56","data":"62895395391278-ahang request Menu : Process"},{"time":"22/11/2023 : 22/9/56","data":"62895395391278-ahang request Menu : Success"},{"time":"22/11/2023 : 22/22/38","data":"WEB Server berlari di port 3000"},{"time":"22/11/2023 : 22/22/54","data":"Autentikasi EulaBOT Berhasil"},{"time":"22/11/2023 : 22/22/54","data":"EulaBOT siap Dipakai!"},{"time":"22/11/2023 : 22/39/2","data":"WEB Server berlari di port 3000"},{"time":"22/11/2023 : 22/39/17","data":"Autentikasi EulaBOT Berhasil"},{"time":"22/11/2023 : 22/39/17","data":"EulaBOT siap Dipakai!"},{"time":"22/11/2023 : 22/46/14","data":"Updating Point Success"},{"time":"22/11/2023 : 22/46/26","data":"62895395391278-ahang request Menu : Process"},{"time":"22/11/2023 : 22/46/26","data":"62895395391278-ahang request Menu : Success"},{"time":"22/11/2023 : 22/46/35","data":"62895395391278-ahang request Menu : Process"},{"time":"22/11/2023 : 22/46/35","data":"62895395391278-ahang request Menu : Success"},{"time":"22/11/2023 : 22/53/2","data":"WEB Server berlari di port 3000"},{"time":"22/11/2023 : 22/53/19","data":"Autentikasi EulaBOT Berhasil"},{"time":"22/11/2023 : 22/53/19","data":"EulaBOT siap Dipakai!"},{"time":"22/11/2023 : 22/53/42","data":"WEB Server berlari di port 3000"},{"time":"22/11/2023 : 22/53/57","data":"Autentikasi EulaBOT Berhasil"},{"time":"22/11/2023 : 22/53/57","data":"EulaBOT siap Dipakai!"},{"time":"22/11/2023 : 22/54/3","data":"62895395391278-ahang request Menu : Process"},{"time":"22/11/2023 : 22/54/3","data":"62895395391278-ahang request Menu : Success"},{"time":"22/11/2023 : 22/54/10","data":"62895395391278-ahang request Menu : Process"},{"time":"22/11/2023 : 22/54/10","data":"62895395391278-ahang request Menu : Success"},{"time":"22/11/2023 : 22/54/53","data":"62895395391278-ahang request Stiker : Process"},{"time":"22/11/2023 : 22/54/53","data":"62895395391278-ahang request Stiker : Success"},{"time":"22/11/2023 : 22/55/0","data":"62895395391278-ahang request Menu : Process"},{"time":"22/11/2023 : 22/55/0","data":"62895395391278-ahang request Menu : Success"},{"time":"22/11/2023 : 23/0/54","data":"Updating Point Success"},{"time":"22/11/2023 : 23/8/6","data":"Updating Point Success"},{"time":"22/11/2023 : 23/9/8","data":"62895395391278-ahang request WEB Screenshoot : Process"},{"time":"22/11/2023 : 23/9/14","data":"62895395391278-ahang request WEB Screenshoot : Failed"},{"time":"22/11/2023 : 23/9/27","data":"62895395391278-ahang request WEB Screenshoot : Process"},{"time":"22/11/2023 : 23/9/34","data":"62895395391278-ahang request WEB Screenshoot : Success"},{"time":"22/11/2023 : 23/9/56","data":"62895395391278-ahang request WEB Screenshoot : Process"},{"time":"22/11/2023 : 23/10/4","data":"62895395391278-ahang request WEB Screenshoot : Success"},{"time":"22/11/2023 : 23/12/59","data":"WEB Server berlari di port 3000"},{"time":"22/11/2023 : 23/13/15","data":"Autentikasi EulaBOT Berhasil"},{"time":"22/11/2023 : 23/13/15","data":"EulaBOT siap Dipakai!"},{"time":"22/11/2023 : 23/14/26","data":"WEB Server berlari di port 3000"},{"time":"22/11/2023 : 23/14/41","data":"Autentikasi EulaBOT Berhasil"},{"time":"22/11/2023 : 23/14/42","data":"EulaBOT siap Dipakai!"},{"time":"22/11/2023 : 23/15/44","data":"6285608689687-pacar eula request Menu : Process"},{"time":"22/11/2023 : 23/15/44","data":"6285608689687-pacar eula request Menu : Success"},{"time":"22/11/2023 : 23/16/14","data":"6285608689687-pacar eula request Stiker : Process"},{"time":"22/11/2023 : 23/16/14","data":"6285608689687-pacar eula request Stiker : Success"},{"time":"22/11/2023 : 23/16/18","data":"6285608689687-pacar eula request Menu : Process"},{"time":"22/11/2023 : 23/16/18","data":"6285608689687-pacar eula request Menu : Success"},{"time":"22/11/2023 : 23/16/45","data":"6285608689687-pacar eula request WEB Screenshoot : Process"},{"time":"22/11/2023 : 23/16/54","data":"6285608689687-pacar eula request WEB Screenshoot : Success"},{"time":"22/11/2023 : 23/17/6","data":"6285608689687-pacar eula request Menu : Process"},{"time":"22/11/2023 : 23/17/6","data":"6285608689687-pacar eula request Menu : Success"},{"time":"22/11/2023 : 23/17/20","data":"6285608689687-pacar eula request WEB Screenshoot : Process"},{"time":"22/11/2023 : 23/17/23","data":"6285608689687-pacar eula request WEB Screenshoot : Failed"},{"time":"22/11/2023 : 23/17/28","data":"6285608689687-pacar eula request Menu : Process"},{"time":"22/11/2023 : 23/17/28","data":"6285608689687-pacar eula request Menu : Success"},{"time":"22/11/2023 : 23/17/58","data":"6285608689687-pacar eula request Wangi 1 : Process"},{"time":"22/11/2023 : 23/17/58","data":"6285608689687-pacar eula request Wangi 1 : Success, Waifu :eula"},{"time":"22/11/2023 : 23/23/6","data":"WEB Server berlari di port 3000"},{"time":"22/11/2023 : 23/23/6","data":"Updating Point Failed, Client not Ready"},{"time":"22/11/2023 : 23/23/6","data":"Updating Point Failed, Client not Ready"},{"time":"22/11/2023 : 23/23/6","data":"Updating Point Failed, Client not Ready"},{"time":"22/11/2023 : 23/23/6","data":"Updating Point Failed, Client not Ready"},{"time":"22/11/2023 : 23/23/6","data":"Updating Point Failed, Client not Ready"},{"time":"22/11/2023 : 23/23/6","data":"Updating Point Failed, Client not Ready"},{"time":"22/11/2023 : 23/23/6","data":"Updating Point Failed, Client not Ready"},{"time":"22/11/2023 : 23/23/7","data":"Updating Point Failed, Client not Ready"},{"time":"22/11/2023 : 23/23/7","data":"Updating Point Failed, Client not Ready"},{"time":"22/11/2023 : 23/23/7","data":"Updating Point Failed, Client not Ready"},{"time":"22/11/2023 : 23/23/7","data":"Updating Point Failed, Client not Ready"},{"time":"22/11/2023 : 23/23/7","data":"Updating Point Failed, Client not Ready"},{"time":"22/11/2023 : 23/23/7","data":"Updating Point Failed, Client not Ready"},{"time":"22/11/2023 : 23/23/7","data":"Updating Point Failed, Client not Ready"},{"time":"22/11/2023 : 23/23/7","data":"Updating Point Failed, Client not Ready"},{"time":"22/11/2023 : 23/23/7","data":"Updating Point Failed, Client not Ready"},{"time":"22/11/2023 : 23/23/7","data":"Updating Point Failed, Client not Ready"},{"time":"22/11/2023 : 23/23/7","data":"Updating Point Failed, Client not Ready"},{"time":"22/11/2023 : 23/23/7","data":"Updating Point Failed, Client not Ready"},{"time":"22/11/2023 : 23/23/7","data":"Updating Point Failed, Client not Ready"},{"time":"22/11/2023 : 23/23/7","data":"Updating Point Failed, Client not Ready"},{"time":"22/11/2023 : 23/23/7","data":"Updating Point Failed, Client not Ready"},{"time":"22/11/2023 : 23/23/7","data":"Updating Point Failed, Client not Ready"},{"time":"22/11/2023 : 23/23/7","data":"Updating Point Failed, Client not Ready"},{"time":"22/11/2023 : 23/23/7","data":"Updating Point Failed, Client not Ready"},{"time":"22/11/2023 : 23/23/7","data":"Updating Point Failed, Client not Ready"},{"time":"22/11/2023 : 23/23/7","data":"Updating Point Failed, Client not Ready"},{"time":"22/11/2023 : 23/23/7","data":"Updating Point Failed, Client not Ready"},{"time":"22/11/2023 : 23/23/7","data":"Updating Point Failed, Client not Ready"},{"time":"22/11/2023 : 23/23/7","data":"Updating Point Failed, Client not Ready"},{"time":"22/11/2023 : 23/23/8","data":"Updating Point Failed, Client not Ready"},{"time":"22/11/2023 : 23/23/8","data":"Updating Point Failed, Client not Ready"},{"time":"22/11/2023 : 23/23/8","data":"Updating Point Failed, Client not Ready"},{"time":"22/11/2023 : 23/23/8","data":"Updating Point Failed, Client not Ready"},{"time":"22/11/2023 : 23/23/8","data":"Updating Point Failed, Client not Ready"},{"time":"22/11/2023 : 23/23/8","data":"Updating Point Failed, Client not Ready"},{"time":"22/11/2023 : 23/23/8","data":"Updating Point Failed, Client not Ready"},{"time":"22/11/2023 : 23/23/8","data":"Updating Point Failed, Client not Ready"},{"time":"22/11/2023 : 23/23/8","data":"Updating Point Failed, Client not Ready"},{"time":"22/11/2023 : 23/23/8","data":"Updating Point Failed, Client not Ready"},{"time":"22/11/2023 : 23/23/8","data":"Updating Point Failed, Client not Ready"},{"time":"22/11/2023 : 23/23/8","data":"Updating Point Failed, Client not Ready"},{"time":"22/11/2023 : 23/23/8","data":"Updating Point Failed, Client not Ready"},{"time":"22/11/2023 : 23/23/8","data":"Updating Point Failed, Client not Ready"},{"time":"22/11/2023 : 23/23/8","data":"Updating Point Failed, Client not Ready"},{"time":"22/11/2023 : 23/23/8","data":"Updating Point Failed, Client not Ready"},{"time":"22/11/2023 : 23/23/8","data":"Updating Point Failed, Client not Ready"},{"time":"22/11/2023 : 23/23/8","data":"Updating Point Failed, Client not Ready"},{"time":"22/11/2023 : 23/23/8","data":"Updating Point Failed, Client not Ready"},{"time":"22/11/2023 : 23/23/8","data":"Updating Point Failed, Client not Ready"},{"time":"22/11/2023 : 23/23/8","data":"Updating Point Failed, Client not Ready"},{"time":"22/11/2023 : 23/23/8","data":"Updating Point Failed, Client not Ready"},{"time":"22/11/2023 : 23/23/8","data":"Updating Point Failed, Client not Ready"},{"time":"22/11/2023 : 23/23/9","data":"Updating Point Failed, Client not Ready"},{"time":"22/11/2023 : 23/23/9","data":"Updating Point Failed, Client not Ready"},{"time":"22/11/2023 : 23/23/9","data":"Updating Point Failed, Client not Ready"},{"time":"22/11/2023 : 23/23/9","data":"Updating Point Failed, Client not Ready"},{"time":"22/11/2023 : 23/23/9","data":"Updating Point Failed, Client not Ready"},{"time":"22/11/2023 : 23/23/9","data":"Updating Point Failed, Client not Ready"},{"time":"22/11/2023 : 23/23/9","data":"Updating Point Failed, Client not Ready"},{"time":"22/11/2023 : 23/23/9","data":"Updating Point Failed, Client not Ready"},{"time":"22/11/2023 : 23/23/9","data":"Updating Point Failed, Client not Ready"},{"time":"22/11/2023 : 23/23/9","data":"Updating Point Failed, Client not Ready"},{"time":"22/11/2023 : 23/23/9","data":"Updating Point Failed, Client not Ready"},{"time":"22/11/2023 : 23/23/9","data":"Updating Point Failed, Client not Ready"},{"time":"22/11/2023 : 23/23/9","data":"Updating Point Failed, Client not Ready"},{"time":"22/11/2023 : 23/23/9","data":"Updating Point Failed, Client not Ready"},{"time":"22/11/2023 : 23/23/9","data":"Updating Point Failed, Client not Ready"},{"time":"22/11/2023 : 23/23/9","data":"Updating Point Failed, Client not Ready"},{"time":"22/11/2023 : 23/23/9","data":"Updating Point Failed, Client not Ready"},{"time":"22/11/2023 : 23/23/9","data":"Updating Point Failed, Client not Ready"},{"time":"22/11/2023 : 23/23/9","data":"Updating Point Failed, Client not Ready"},{"time":"22/11/2023 : 23/23/9","data":"Updating Point Failed, Client not Ready"},{"time":"22/11/2023 : 23/23/9","data":"Updating Point Failed, Client not Ready"},{"time":"22/11/2023 : 23/23/9","data":"Updating Point Failed, Client not Ready"},{"time":"22/11/2023 : 23/23/9","data":"Updating Point Failed, Client not Ready"},{"time":"22/11/2023 : 23/23/10","data":"Updating Point Failed, Client not Ready"},{"time":"22/11/2023 : 23/23/10","data":"Updating Point Failed, Client not Ready"},{"time":"22/11/2023 : 23/23/10","data":"Updating Point Failed, Client not Ready"},{"time":"22/11/2023 : 23/23/10","data":"Updating Point Failed, Client not Ready"},{"time":"22/11/2023 : 23/23/10","data":"Updating Point Failed, Client not Ready"},{"time":"22/11/2023 : 23/23/10","data":"Updating Point Failed, Client not Ready"},{"time":"22/11/2023 : 23/23/10","data":"Updating Point Failed, Client not Ready"},{"time":"22/11/2023 : 23/23/10","data":"Updating Point Failed, Client not Ready"},{"time":"22/11/2023 : 23/23/10","data":"Updating Point Failed, Client not Ready"},{"time":"22/11/2023 : 23/23/17","data":"WEB Server berlari di port 3000"},{"time":"22/11/2023 : 23/23/17","data":"Updating Point Failed, Client not Ready"},{"time":"22/11/2023 : 23/23/18","data":"Updating Point Failed, Client not Ready"},{"time":"22/11/2023 : 23/23/18","data":"Updating Point Failed, Client not Ready"},{"time":"22/11/2023 : 23/23/18","data":"Updating Point Failed, Client not Ready"},{"time":"22/11/2023 : 23/23/19","data":"Updating Point Failed, Client not Ready"},{"time":"22/11/2023 : 23/23/19","data":"Updating Point Failed, Client not Ready"},{"time":"22/11/2023 : 23/23/20","data":"Updating Point Failed, Client not Ready"},{"time":"22/11/2023 : 23/23/20","data":"Updating Point Failed, Client not Ready"},{"time":"22/11/2023 : 23/23/21","data":"Updating Point Failed, Client not Ready"},{"time":"22/11/2023 : 23/23/21","data":"Updating Point Failed, Client not Ready"},{"time":"22/11/2023 : 23/23/21","data":"Updating Point Failed, Client not Ready"},{"time":"22/11/2023 : 23/23/22","data":"Updating Point Failed, Client not Ready"},{"time":"22/11/2023 : 23/23/22","data":"Updating Point Failed, Client not Ready"},{"time":"22/11/2023 : 23/23/23","data":"Updating Point Failed, Client not Ready"},{"time":"22/11/2023 : 23/23/23","data":"Updating Point Failed, Client not Ready"},{"time":"22/11/2023 : 23/23/24","data":"Updating Point Failed, Client not Ready"},{"time":"22/11/2023 : 23/23/24","data":"Updating Point Failed, Client not Ready"},{"time":"22/11/2023 : 23/23/24","data":"Updating Point Failed, Client not Ready"},{"time":"22/11/2023 : 23/23/25","data":"Updating Point Failed, Client not Ready"},{"time":"22/11/2023 : 23/23/30","data":"WEB Server berlari di port 3000"},{"time":"22/11/2023 : 23/23/35","data":"Updating Point Failed, Client not Ready"},{"time":"22/11/2023 : 23/23/39","data":"Updating Point Failed, Client not Ready"},{"time":"22/11/2023 : 23/23/43","data":"Updating Point Failed, Client not Ready"},{"time":"22/11/2023 : 23/23/46","data":"Autentikasi EulaBOT Berhasil"},{"time":"22/11/2023 : 23/23/46","data":"EulaBOT siap Dipakai!"},{"time":"22/11/2023 : 23/23/48","data":"Updating Point Success"},{"time":"22/11/2023 : 23/23/52","data":"Updating Point Success"},{"time":"22/11/2023 : 23/23/56","data":"Updating Point Success"},{"time":"22/11/2023 : 23/24/1","data":"Updating Point Success"},{"time":"22/11/2023 : 23/24/5","data":"Updating Point Success"},{"time":"22/11/2023 : 23/24/9","data":"Updating Point Success"},{"time":"22/11/2023 : 23/24/13","data":"Updating Point Success"},{"time":"22/11/2023 : 23/24/18","data":"Updating Point Success"},{"time":"22/11/2023 : 23/24/22","data":"Updating Point Success"},{"time":"22/11/2023 : 23/24/26","data":"Updating Point Success"},{"time":"22/11/2023 : 23/24/31","data":"Updating Point Success"},{"time":"22/11/2023 : 23/24/35","data":"Updating Point Success"},{"time":"22/11/2023 : 23/24/39","data":"Updating Point Success"},{"time":"22/11/2023 : 23/24/44","data":"Updating Point Success"},{"time":"22/11/2023 : 23/24/48","data":"Updating Point Success"},{"time":"22/11/2023 : 23/24/50","data":"WEB Server berlari di port 3000"},{"time":"22/11/2023 : 23/24/55","data":"Updating Point Failed, Client not Ready"},{"time":"22/11/2023 : 23/24/59","data":"Updating Point Failed, Client not Ready"},{"time":"22/11/2023 : 23/25/3","data":"Updating Point Failed, Client not Ready"},{"time":"22/11/2023 : 23/25/8","data":"Updating Point Failed, Client not Ready"},{"time":"22/11/2023 : 23/25/9","data":"Autentikasi EulaBOT Berhasil"},{"time":"22/11/2023 : 23/25/9","data":"EulaBOT siap Dipakai!"},{"time":"22/11/2023 : 23/25/12","data":"Updating Point Success"},{"time":"22/11/2023 : 23/25/16","data":"Updating Point Success"},{"time":"22/11/2023 : 23/25/21","data":"Updating Point Success"},{"time":"22/11/2023 : 23/25/25","data":"Updating Point Success"},{"time":"22/11/2023 : 23/25/29","data":"Updating Point Success"},{"time":"22/11/2023 : 23/25/34","data":"Updating Point Success"},{"time":"22/11/2023 : 23/25/38","data":"Updating Point Success"},{"time":"22/11/2023 : 23/25/42","data":"Updating Point Success"},{"time":"22/11/2023 : 23/25/47","data":"Updating Point Success"},{"time":"22/11/2023 : 23/25/51","data":"Updating Point Success"},{"time":"22/11/2023 : 23/25/55","data":"Updating Point Success"},{"time":"22/11/2023 : 23/25/59","data":"Updating Point Success"},{"time":"22/11/2023 : 23/26/4","data":"Updating Point Success"},{"time":"22/11/2023 : 23/26/8","data":"Updating Point Success"},{"time":"22/11/2023 : 23/26/12","data":"Updating Point Success"},{"time":"22/11/2023 : 23/26/17","data":"Updating Point Success"},{"time":"22/11/2023 : 23/26/21","data":"Updating Point Success"},{"time":"22/11/2023 : 23/26/25","data":"Updating Point Success"},{"time":"22/11/2023 : 23/26/30","data":"Updating Point Success"},{"time":"23/11/2023 : 0/3/30","data":"WEB Server berlari di port 3000"},{"time":"23/11/2023 : 0/3/45","data":"Autentikasi EulaBOT Berhasil"},{"time":"23/11/2023 : 0/3/45","data":"EulaBOT siap Dipakai!"},{"time":"23/11/2023 : 0/8/38","data":"6285608689687-pacar eula request TikTok Downloader MP4 : Process"},{"time":"23/11/2023 : 0/9/0","data":"6285608689687-pacar eula request TikTok Downloader MP4 : Failed, url invalid"},{"time":"23/11/2023 : 0/10/42","data":"Updating Point Success"},{"time":"23/11/2023 : 0/17/54","data":"Updating Point Success"},{"time":"23/11/2023 : 0/25/6","data":"Updating Point Success"},{"time":"23/11/2023 : 0/32/18","data":"Updating Point Success"},{"time":"23/11/2023 : 0/39/30","data":"Updating Point Success"},{"time":"23/11/2023 : 0/46/42","data":"Updating Point Success"},{"time":"23/11/2023 : 0/53/54","data":"Updating Point Success"},{"time":"23/11/2023 : 1/1/6","data":"Updating Point Success"},{"time":"23/11/2023 : 1/8/18","data":"Updating Point Success"},{"time":"23/11/2023 : 16/25/4","data":"WEB Server berlari di port 3000"},{"time":"23/11/2023 : 16/25/20","data":"Autentikasi EulaBOT Berhasil"},{"time":"23/11/2023 : 16/25/21","data":"EulaBOT siap Dipakai!"},{"time":"23/11/2023 : 16/26/19","data":"62895395391278-ahang request TikTok Downloader MP4 : Process"},{"time":"23/11/2023 : 16/26/41","data":"62895395391278-ahang request TikTok Downloader MP4 : Failed, url invalid"},{"time":"23/11/2023 : 16/30/6","data":"WEB Server berlari di port 3000"},{"time":"23/11/2023 : 16/30/21","data":"Autentikasi EulaBOT Berhasil"},{"time":"23/11/2023 : 16/30/21","data":"EulaBOT siap Dipakai!"},{"time":"23/11/2023 : 16/30/30","data":"62895395391278-ahang request TikTok Downloader MP4 : Process"},{"time":"23/11/2023 : 16/30/52","data":"62895395391278-ahang request TikTok Downloader MP4 : Failed, url invalid"},{"time":"23/11/2023 : 16/37/18","data":"Updating Point Success"},{"time":"23/11/2023 : 16/44/30","data":"Updating Point Success"},{"time":"23/11/2023 : 16/51/42","data":"Updating Point Success"},{"time":"23/11/2023 : 16/58/54","data":"Updating Point Success"},{"time":"23/11/2023 : 17/6/6","data":"Updating Point Success"},{"time":"23/11/2023 : 17/13/18","data":"Updating Point Success"},{"time":"23/11/2023 : 17/20/30","data":"Updating Point Success"},{"time":"23/11/2023 : 17/27/42","data":"Updating Point Success"},{"time":"23/11/2023 : 17/34/54","data":"Updating Point Success"},{"time":"23/11/2023 : 17/42/6","data":"Updating Point Success"},{"time":"23/11/2023 : 17/49/18","data":"Updating Point Success"},{"time":"23/11/2023 : 18/10/46","data":"WEB Server berlari di port 3000"},{"time":"23/11/2023 : 18/11/1","data":"Autentikasi EulaBOT Berhasil"},{"time":"23/11/2023 : 18/11/1","data":"EulaBOT siap Dipakai!"},{"time":"23/11/2023 : 18/11/11","data":"62895395391278-ahang request TikTok Downloader MP4 : Process"},{"time":"23/11/2023 : 18/12/54","data":"WEB Server berlari di port 3000"},{"time":"23/11/2023 : 18/13/10","data":"Autentikasi EulaBOT Berhasil"},{"time":"23/11/2023 : 18/13/10","data":"EulaBOT siap Dipakai!"},{"time":"23/11/2023 : 18/13/16","data":"62895395391278-ahang request TikTok Downloader MP4 : Process"},{"time":"23/11/2023 : 18/13/35","data":"62895395391278-ahang request TikTok Downloader MP4 : Konten tidak ditemukan"},{"time":"23/11/2023 : 18/20/6","data":"Updating Point Success"},{"time":"23/11/2023 : 18/27/18","data":"Updating Point Success"},{"time":"23/11/2023 : 18/34/30","data":"Updating Point Success"},{"time":"23/11/2023 : 18/41/42","data":"Updating Point Success"},{"time":"23/11/2023 : 18/48/54","data":"Updating Point Success"},{"time":"23/11/2023 : 18/56/6","data":"Updating Point Success"},{"time":"23/11/2023 : 19/3/18","data":"Updating Point Success"},{"time":"23/11/2023 : 19/10/30","data":"Updating Point Success"},{"time":"23/11/2023 : 19/17/42","data":"Updating Point Success"},{"time":"23/11/2023 : 19/24/54","data":"Updating Point Success"},{"time":"23/11/2023 : 19/32/6","data":"Updating Point Success"},{"time":"23/11/2023 : 19/39/18","data":"Updating Point Success"},{"time":"23/11/2023 : 19/46/30","data":"Updating Point Success"},{"time":"23/11/2023 : 19/53/42","data":"Updating Point Success"},{"time":"23/11/2023 : 20/0/54","data":"Updating Point Success"},{"time":"23/11/2023 : 20/8/6","data":"Updating Point Success"},{"time":"23/11/2023 : 20/15/18","data":"Updating Point Success"},{"time":"23/11/2023 : 20/22/30","data":"Updating Point Success"},{"time":"23/11/2023 : 21/16/25","data":"WEB Server berlari di port 3000"},{"time":"23/11/2023 : 21/16/41","data":"Autentikasi EulaBOT Berhasil"},{"time":"23/11/2023 : 21/16/41","data":"EulaBOT siap Dipakai!"},{"time":"23/11/2023 : 21/16/44","data":"62895395391278-ahang request TikTok Downloader MP4 : Process"},{"time":"23/11/2023 : 21/16/50","data":"62895395391278-ahang request TikTok Downloader MP4 : Success"},{"time":"23/11/2023 : 21/17/59","data":"WEB Server berlari di port 3000"},{"time":"23/11/2023 : 21/18/16","data":"Autentikasi EulaBOT Berhasil"},{"time":"23/11/2023 : 21/18/17","data":"EulaBOT siap Dipakai!"},{"time":"23/11/2023 : 21/18/26","data":"62895395391278-ahang request TikTok Downloader MP4 : Process"},{"time":"23/11/2023 : 21/18/31","data":"62895395391278-ahang request TikTok Downloader MP4 : Success"},{"time":"23/11/2023 : 21/25/11","data":"Updating Point Success"},{"time":"23/11/2023 : 21/32/23","data":"Updating Point Success"},{"time":"23/11/2023 : 21/39/35","data":"Updating Point Success"},{"time":"23/11/2023 : 21/46/47","data":"Updating Point Success"},{"time":"23/11/2023 : 21/53/59","data":"Updating Point Success"},{"time":"23/11/2023 : 22/1/11","data":"Updating Point Success"},{"time":"23/11/2023 : 22/8/23","data":"Updating Point Success"},{"time":"23/11/2023 : 22/9/3","data":"WEB Server berlari di port 3000"},{"time":"23/11/2023 : 22/9/19","data":"Autentikasi EulaBOT Berhasil"},{"time":"23/11/2023 : 22/9/19","data":"EulaBOT siap Dipakai!"},{"time":"23/11/2023 : 22/9/28","data":"62895395391278-ahang request TikTok Downloader MP3 : Process"},{"time":"23/11/2023 : 22/9/50","data":"WEB Server berlari di port 3000"},{"time":"23/11/2023 : 22/10/6","data":"Autentikasi EulaBOT Berhasil"},{"time":"23/11/2023 : 22/10/6","data":"EulaBOT siap Dipakai!"},{"time":"23/11/2023 : 22/10/16","data":"62895395391278-ahang request TikTok Downloader MP3 : Process"},{"time":"23/11/2023 : 22/10/19","data":"62895395391278-ahang request TikTok Downloader MP3 : Success"},{"time":"23/11/2023 : 22/17/2","data":"Updating Point Success"},{"time":"23/11/2023 : 22/24/14","data":"Updating Point Success"},{"time":"23/11/2023 : 22/31/26","data":"Updating Point Success"},{"time":"23/11/2023 : 22/38/38","data":"Updating Point Success"},{"time":"23/11/2023 : 22/45/50","data":"Updating Point Success"},{"time":"23/11/2023 : 22/53/2","data":"Updating Point Success"},{"time":"23/11/2023 : 23/0/14","data":"Updating Point Success"},{"time":"23/11/2023 : 23/7/26","data":"Updating Point Success"},{"time":"23/11/2023 : 23/14/38","data":"Updating Point Success"},{"time":"23/11/2023 : 23/21/50","data":"Updating Point Success"},{"time":"23/11/2023 : 23/29/2","data":"Updating Point Success"},{"time":"23/11/2023 : 23/36/14","data":"Updating Point Success"},{"time":"24/11/2023 : 0/3/50","data":"WEB Server berlari di port 3000"},{"time":"24/11/2023 : 0/4/5","data":"Autentikasi EulaBOT Berhasil"},{"time":"24/11/2023 : 0/4/5","data":"EulaBOT siap Dipakai!"},{"time":"24/11/2023 : 0/4/55","data":"WEB Server berlari di port 3000"},{"time":"24/11/2023 : 0/5/11","data":"Autentikasi EulaBOT Berhasil"},{"time":"24/11/2023 : 0/5/11","data":"EulaBOT siap Dipakai!"},{"time":"24/11/2023 : 0/5/36","data":"WEB Server berlari di port 3000"},{"time":"24/11/2023 : 0/5/52","data":"Autentikasi EulaBOT Berhasil"},{"time":"24/11/2023 : 0/5/53","data":"EulaBOT siap Dipakai!"},{"time":"24/11/2023 : 0/15/16","data":"WEB Server berlari di port 3000"},{"time":"24/11/2023 : 0/15/31","data":"Autentikasi EulaBOT Berhasil"},{"time":"24/11/2023 : 0/15/31","data":"EulaBOT siap Dipakai!"},{"time":"24/11/2023 : 0/15/40","data":"62895395391278-ahang request Random Waifu : Process"},{"time":"24/11/2023 : 0/15/40","data":"62895395391278-ahang request Random Waifu : Failed, error getting image"},{"time":"24/11/2023 : 0/16/8","data":"WEB Server berlari di port 3000"},{"time":"24/11/2023 : 0/16/25","data":"Autentikasi EulaBOT Berhasil"},{"time":"24/11/2023 : 0/16/25","data":"EulaBOT siap Dipakai!"},{"time":"24/11/2023 : 0/16/34","data":"62895395391278-ahang request Random Waifu : Process"},{"time":"24/11/2023 : 0/16/40","data":"62895395391278-ahang request Random Waifu : Success"},{"time":"24/11/2023 : 0/16/52","data":"62895395391278-ahang request Random Waifu : Process"},{"time":"24/11/2023 : 0/16/53","data":"62895395391278-ahang request Random Waifu : Success"},{"time":"24/11/2023 : 0/17/4","data":"62895395391278-ahang request Random Waifu : Process"},{"time":"24/11/2023 : 0/17/5","data":"62895395391278-ahang request Random Waifu : Success"},{"time":"24/11/2023 : 0/23/20","data":"Updating Point Success"},{"time":"24/11/2023 : 0/26/2","data":"WEB Server berlari di port 3000"},{"time":"24/11/2023 : 0/26/17","data":"Autentikasi EulaBOT Berhasil"},{"time":"24/11/2023 : 0/26/18","data":"EulaBOT siap Dipakai!"},{"time":"24/11/2023 : 0/26/22","data":"62895395391278-ahang request Hentai : Process"},{"time":"24/11/2023 : 0/26/25","data":"62895395391278-ahang request Hentai : Success"},{"time":"24/11/2023 : 0/26/32","data":"62895395391278-ahang request Test Command : Process"},{"time":"24/11/2023 : 0/26/32","data":"62895395391278-ahang request Test Command : Success"},{"time":"24/11/2023 : 0/26/51","data":"6285608689687-pacar eula request Test Command : Process"},{"time":"24/11/2023 : 0/26/51","data":"6285608689687-pacar eula request Test Command : Success"},{"time":"24/11/2023 : 0/26/59","data":"6285608689687-pacar eula request Hentai : Process"},{"time":"24/11/2023 : 0/27/0","data":"6285608689687-pacar eula request Hentai : Success"},{"time":"24/11/2023 : 0/29/12","data":"WEB Server berlari di port 3000"},{"time":"24/11/2023 : 0/29/27","data":"Autentikasi EulaBOT Berhasil"},{"time":"24/11/2023 : 0/29/27","data":"EulaBOT siap Dipakai!"},{"time":"24/11/2023 : 0/30/33","data":"WEB Server berlari di port 3000"},{"time":"24/11/2023 : 0/30/50","data":"Autentikasi EulaBOT Berhasil"},{"time":"24/11/2023 : 0/30/51","data":"EulaBOT siap Dipakai!"},{"time":"24/11/2023 : 0/31/39","data":"WEB Server berlari di port 3000"},{"time":"24/11/2023 : 0/31/55","data":"Autentikasi EulaBOT Berhasil"},{"time":"24/11/2023 : 0/31/55","data":"EulaBOT siap Dipakai!"},{"time":"24/11/2023 : 0/38/51","data":"Updating Point Success"},{"time":"24/11/2023 : 0/46/3","data":"Updating Point Success"},{"time":"24/11/2023 : 0/53/15","data":"Updating Point Success"},{"time":"24/11/2023 : 0/56/14","data":"WEB Server berlari di port 3000"},{"time":"24/11/2023 : 0/56/31","data":"Autentikasi EulaBOT Berhasil"},{"time":"24/11/2023 : 0/56/32","data":"EulaBOT siap Dipakai!"},{"time":"24/11/2023 : 0/56/39","data":"6285608689687-pacar eula request Hentai : Process"},{"time":"24/11/2023 : 0/56/46","data":"6285608689687-pacar eula request Hentai : Success"},{"time":"24/11/2023 : 0/57/36","data":"62895395391278-ahang request Hentai : Process"},{"time":"24/11/2023 : 0/57/44","data":"62895395391278-ahang request Hentai : Success"},{"time":"24/11/2023 : 0/58/8","data":"62895395391278-ahang request Menu : Process"},{"time":"24/11/2023 : 0/58/8","data":"62895395391278-ahang request Menu : Success"},{"time":"24/11/2023 : 0/59/29","data":"62895395391278-ayangnya eula request Menu : Process"},{"time":"24/11/2023 : 0/59/29","data":"62895395391278-ayangnya eula request Menu : Success"},{"time":"24/11/2023 : 1/3/26","data":"Updating Point Success"},{"time":"24/11/2023 : 1/10/38","data":"Updating Point Success"},{"time":"24/11/2023 : 1/17/50","data":"Updating Point Success"},{"time":"24/11/2023 : 1/25/2","data":"Updating Point Success"},{"time":"24/11/2023 : 1/28/12","data":"WEB Server berlari di port 3000"},{"time":"24/11/2023 : 1/28/27","data":"Autentikasi EulaBOT Berhasil"},{"time":"24/11/2023 : 1/28/27","data":"EulaBOT siap Dipakai!"},{"time":"24/11/2023 : 1/28/44","data":"62895395391278-ahang request Register Group : Process"},{"time":"24/11/2023 : 1/29/29","data":"62895395391278-ahang request Register Group : Process"},{"time":"24/11/2023 : 1/29/29","data":"62895395391278-ahang request Register Group : Success"},{"time":"24/11/2023 : 1/32/21","data":"WEB Server berlari di port 3000"},{"time":"24/11/2023 : 1/32/36","data":"Autentikasi EulaBOT Berhasil"},{"time":"24/11/2023 : 1/32/36","data":"EulaBOT siap Dipakai!"},{"time":"24/11/2023 : 1/32/57","data":"WEB Server berlari di port 3000"},{"time":"24/11/2023 : 1/33/12","data":"Autentikasi EulaBOT Berhasil"},{"time":"24/11/2023 : 1/33/12","data":"EulaBOT siap Dipakai!"},{"time":"24/11/2023 : 11/4/17","data":"WEB Server berlari di port 3000"},{"time":"24/11/2023 : 11/4/33","data":"Autentikasi EulaBOT Berhasil"},{"time":"24/11/2023 : 11/4/34","data":"EulaBOT siap Dipakai!"},{"time":"24/11/2023 : 11/4/45","data":"62895395391278-ahang request Chat GPT : Process"},{"time":"24/11/2023 : 11/4/49","data":"62895395391278-ahang request Chat GPT : Success"},{"time":"24/11/2023 : 11/5/9","data":"62895395391278-ahang request Chat GPT : Process"},{"time":"24/11/2023 : 11/5/12","data":"62895395391278-ahang request Chat GPT : Success"},{"time":"24/11/2023 : 11/7/31","data":"62895395391278-ahang request Chat GPT : Process"},{"time":"24/11/2023 : 11/7/31","data":"62895395391278-ahang request Chat GPT : Failed, Query Tidak Ditemukan"},{"time":"24/11/2023 : 11/7/38","data":"62895395391278-ahang request Chat GPT : Process"},{"time":"24/11/2023 : 11/7/42","data":"62895395391278-ahang request Chat GPT : Success"},{"time":"24/11/2023 : 11/8/26","data":"WEB Server berlari di port 3000"},{"time":"24/11/2023 : 11/8/42","data":"Autentikasi EulaBOT Berhasil"},{"time":"24/11/2023 : 11/8/42","data":"EulaBOT siap Dipakai!"},{"time":"24/11/2023 : 11/8/54","data":"62895395391278-ahang request Bard AI : Process"},{"time":"24/11/2023 : 11/9/2","data":"62895395391278-ahang request Bard AI : Success"},{"time":"24/11/2023 : 11/9/21","data":"62895395391278-ahang request Bard AI : Process"},{"time":"24/11/2023 : 11/9/27","data":"62895395391278-ahang request Bard AI : Success"},{"time":"24/11/2023 : 11/10/7","data":"62895395391278-ahang request Genshin Waifu : Process"},{"time":"24/11/2023 : 11/10/9","data":"62895395391278-ahang request Genshin Waifu : Success"},{"time":"24/11/2023 : 11/10/14","data":"62895395391278-ahang request Random Waifu : Process"},{"time":"24/11/2023 : 11/10/16","data":"62895395391278-ahang request Random Waifu : Success"},{"time":"24/11/2023 : 11/10/20","data":"62895395391278-ahang request HSR Waifu : Process"},{"time":"24/11/2023 : 11/10/22","data":"62895395391278-ahang request HSR Waifu : Success"},{"time":"24/11/2023 : 11/11/50","data":"62895395391278-ahang request Menu : Process"},{"time":"24/11/2023 : 11/11/50","data":"62895395391278-ahang request Menu : Success"},{"time":"24/11/2023 : 11/12/11","data":"62895395391278-ahang request HSR Waifu : Process"},{"time":"24/11/2023 : 11/12/12","data":"62895395391278-ahang request HSR Waifu : Success"},{"time":"24/11/2023 : 11/12/15","data":"62895395391278-ahang request Menu : Process"},{"time":"24/11/2023 : 11/12/15","data":"62895395391278-ahang request Menu : Success"},{"time":"24/11/2023 : 11/13/31","data":"WEB Server berlari di port 3000"},{"time":"24/11/2023 : 11/13/47","data":"Autentikasi EulaBOT Berhasil"},{"time":"24/11/2023 : 11/13/47","data":"EulaBOT siap Dipakai!"},{"time":"24/11/2023 : 11/13/55","data":"62895395391278-ahang request HSR Waifu : Process"},{"time":"24/11/2023 : 11/13/57","data":"62895395391278-ahang request HSR Waifu : Success"},{"time":"24/11/2023 : 11/14/9","data":"62895395391278-ahang request Menu : Process"},{"time":"24/11/2023 : 11/14/9","data":"62895395391278-ahang request Menu : Success"},{"time":"24/11/2023 : 11/17/28","data":"WEB Server berlari di port 3000"},{"time":"24/11/2023 : 11/17/46","data":"Autentikasi EulaBOT Berhasil"},{"time":"24/11/2023 : 11/17/46","data":"EulaBOT siap Dipakai!"},{"time":"24/11/2023 : 11/17/56","data":"62895395391278-ahang request Test Command : Process"},{"time":"24/11/2023 : 11/17/56","data":"62895395391278-ahang request Test Command : Success"},{"time":"24/11/2023 : 11/18/4","data":"62895395391278-ahang request HSR Waifu : Process"},{"time":"24/11/2023 : 11/18/5","data":"62895395391278-ahang request HSR Waifu : Success"},{"time":"24/11/2023 : 11/18/9","data":"62895395391278-ahang request Menu : Process"},{"time":"24/11/2023 : 11/18/9","data":"62895395391278-ahang request Menu : Success"},{"time":"24/11/2023 : 11/18/24","data":"6285608689687-pacar eula request Menu : Process"},{"time":"24/11/2023 : 11/18/24","data":"6285608689687-pacar eula request Menu : Success"},{"time":"24/11/2023 : 11/18/31","data":"6285608689687-pacar eula request HSR Waifu : Process"},{"time":"24/11/2023 : 11/18/33","data":"6285608689687-pacar eula request HSR Waifu : Success"},{"time":"24/11/2023 : 11/18/36","data":"6285608689687-pacar eula request Menu : Process"},{"time":"24/11/2023 : 11/18/36","data":"6285608689687-pacar eula request Menu : Success"},{"time":"24/11/2023 : 11/19/10","data":"62895395391278-ahang request HSR Waifu : Process"},{"time":"24/11/2023 : 11/19/12","data":"62895395391278-ahang request HSR Waifu : Success"},{"time":"24/11/2023 : 11/21/39","data":"62895395391278-ahang request HSR Waifu : Process"},{"time":"24/11/2023 : 11/21/40","data":"62895395391278-ahang request HSR Waifu : Success"},{"time":"24/11/2023 : 11/22/39","data":"6285157781613-zagi request HSR Waifu : Process"},{"time":"24/11/2023 : 11/22/41","data":"6285157781613-zagi request HSR Waifu : Success"},{"time":"24/11/2023 : 11/23/15","data":"6285157781613-zagi request HSR Waifu : Process"},{"time":"24/11/2023 : 11/23/16","data":"6285157781613-zagi request HSR Waifu : Success"},{"time":"24/11/2023 : 11/23/27","data":"62895395391278-ahang request HSR Waifu : Process"},{"time":"24/11/2023 : 11/23/29","data":"62895395391278-ahang request HSR Waifu : Success"},{"time":"24/11/2023 : 11/23/42","data":"62895395391278-ahang request HSR Waifu : Process"},{"time":"24/11/2023 : 11/23/43","data":"62895395391278-ahang request HSR Waifu : Success"},{"time":"24/11/2023 : 11/23/56","data":"6285157781613-zagi request HSR Waifu : Process"},{"time":"24/11/2023 : 11/23/57","data":"6285157781613-zagi request HSR Waifu : Success"},{"time":"24/11/2023 : 11/24/23","data":"62895395391278-ahang request HSR Waifu : Process"},{"time":"24/11/2023 : 11/24/25","data":"62895395391278-ahang request HSR Waifu : Success"},{"time":"24/11/2023 : 11/24/40","data":"Updating Point Success"},{"time":"24/11/2023 : 11/24/51","data":"6285157781613-zagi request HSR Waifu : Process"},{"time":"24/11/2023 : 11/24/52","data":"6285157781613-zagi request HSR Waifu : Success"},{"time":"24/11/2023 : 11/25/16","data":"6285157781613-zagi request HSR Waifu : Process"},{"time":"24/11/2023 : 11/25/17","data":"6285157781613-zagi request HSR Waifu : Success"},{"time":"24/11/2023 : 11/25/29","data":"62895395391278-ahang request HSR Waifu : Process"},{"time":"24/11/2023 : 11/25/30","data":"62895395391278-ahang request HSR Waifu : Success"},{"time":"24/11/2023 : 11/25/37","data":"62895395391278-ahang request HSR Waifu : Process"},{"time":"24/11/2023 : 11/25/39","data":"62895395391278-ahang request HSR Waifu : Success"},{"time":"24/11/2023 : 11/25/46","data":"62895395391278-ahang request HSR Waifu : Process"},{"time":"24/11/2023 : 11/25/48","data":"62895395391278-ahang request HSR Waifu : Success"},{"time":"24/11/2023 : 11/26/2","data":"62895395391278-ahang request HSR Waifu : Process"},{"time":"24/11/2023 : 11/26/4","data":"62895395391278-ahang request HSR Waifu : Success"},{"time":"24/11/2023 : 11/26/13","data":"6285157781613-zagi request HSR Waifu : Process"},{"time":"24/11/2023 : 11/26/15","data":"6285157781613-zagi request HSR Waifu : Success"},{"time":"24/11/2023 : 11/26/26","data":"6285157781613-zagi request HSR Waifu : Process"},{"time":"24/11/2023 : 11/26/27","data":"6285157781613-zagi request HSR Waifu : Success"},{"time":"24/11/2023 : 11/26/37","data":"6285157781613-zagi request HSR Waifu : Process"},{"time":"24/11/2023 : 11/26/38","data":"6285157781613-zagi request HSR Waifu : Success"},{"time":"24/11/2023 : 11/26/53","data":"6285157781613-zagi request HSR Waifu : Process"},{"time":"24/11/2023 : 11/26/54","data":"6285157781613-zagi request HSR Waifu : Success"},{"time":"24/11/2023 : 11/27/21","data":"6285157781613-zagi request HSR Waifu : Process"},{"time":"24/11/2023 : 11/27/23","data":"6285157781613-zagi request HSR Waifu : Success"},{"time":"24/11/2023 : 11/27/41","data":"6285157781613-zagi request HSR Waifu : Process"},{"time":"24/11/2023 : 11/27/43","data":"6285157781613-zagi request HSR Waifu : Success"},{"time":"24/11/2023 : 11/28/18","data":"62895395391278-ahang request HSR Waifu : Process"},{"time":"24/11/2023 : 11/28/19","data":"62895395391278-ahang request HSR Waifu : Success"},{"time":"24/11/2023 : 11/28/47","data":"62895395391278-ahang request HSR Waifu : Process"},{"time":"24/11/2023 : 11/28/48","data":"62895395391278-ahang request HSR Waifu : Success"},{"time":"24/11/2023 : 11/29/0","data":"6285157781613-zagi request HSR Waifu : Process"},{"time":"24/11/2023 : 11/29/1","data":"6285157781613-zagi request HSR Waifu : Success"},{"time":"24/11/2023 : 11/29/32","data":"62895395391278-ahang request HSR Waifu : Process"},{"time":"24/11/2023 : 11/29/33","data":"62895395391278-ahang request HSR Waifu : Success"},{"time":"24/11/2023 : 11/29/51","data":"62895395391278-ahang request Genshin Waifu : Process"},{"time":"24/11/2023 : 11/29/52","data":"62895395391278-ahang request Genshin Waifu : Success"},{"time":"24/11/2023 : 11/30/28","data":"62895395391278-ahang request Hentai : Process"},{"time":"24/11/2023 : 11/30/30","data":"62895395391278-ahang request Hentai : Success"},{"time":"24/11/2023 : 11/30/48","data":"62895395391278-ahang request Genshin Waifu : Process"},{"time":"24/11/2023 : 11/30/50","data":"62895395391278-ahang request Genshin Waifu : Success"},{"time":"24/11/2023 : 11/30/54","data":"6285157781613-zagi request Genshin Waifu : Process"},{"time":"24/11/2023 : 11/30/55","data":"6285157781613-zagi request Genshin Waifu : Success"},{"time":"24/11/2023 : 11/31/5","data":"6285157781613-zagi request HSR Waifu : Process"},{"time":"24/11/2023 : 11/31/6","data":"6285157781613-zagi request HSR Waifu : Success"},{"time":"24/11/2023 : 11/31/30","data":"62895395391278-ahang request HSR Waifu : Process"},{"time":"24/11/2023 : 11/31/32","data":"62895395391278-ahang request HSR Waifu : Success"},{"time":"24/11/2023 : 11/31/52","data":"Updating Point Success"},{"time":"24/11/2023 : 11/32/6","data":"62895395391278-ahang request Genshin Waifu : Process"},{"time":"24/11/2023 : 11/32/8","data":"62895395391278-ahang request Genshin Waifu : Success"},{"time":"24/11/2023 : 11/34/28","data":"62895395391278-ahang request HSR Waifu : Process"},{"time":"24/11/2023 : 11/34/30","data":"62895395391278-ahang request HSR Waifu : Success"},{"time":"24/11/2023 : 11/34/47","data":"62895395391278-ahang request Genshin Waifu : Process"},{"time":"24/11/2023 : 11/34/49","data":"62895395391278-ahang request Genshin Waifu : Success"},{"time":"24/11/2023 : 11/36/0","data":"62895395391278-ahang request WEB Screenshoot : Process"},{"time":"24/11/2023 : 11/36/9","data":"62895395391278-ahang request WEB Screenshoot : Success"},{"time":"24/11/2023 : 11/37/1","data":"62895395391278-ahang request Chat GPT : Process"},{"time":"24/11/2023 : 11/37/5","data":"62895395391278-ahang request Chat GPT : Success"},{"time":"24/11/2023 : 11/38/30","data":"6285157781613-zagi request Chat GPT : Process"},{"time":"24/11/2023 : 11/38/37","data":"6285157781613-zagi request Chat GPT : Success"},{"time":"24/11/2023 : 11/39/4","data":"Updating Point Success"},{"time":"24/11/2023 : 11/40/11","data":"6285157781613-zagi request Chat GPT : Process"},{"time":"24/11/2023 : 11/40/19","data":"6285157781613-zagi request Chat GPT : Success"},{"time":"24/11/2023 : 11/41/46","data":"62895395391278-ahang request Menu : Process"},{"time":"24/11/2023 : 11/41/46","data":"62895395391278-ahang request Menu : Success"},{"time":"24/11/2023 : 11/43/16","data":"6285157781613-zagi request Chat GPT : Process"},{"time":"24/11/2023 : 11/43/23","data":"6285157781613-zagi request Chat GPT : Success"},{"time":"24/11/2023 : 11/46/16","data":"Updating Point Success"},{"time":"24/11/2023 : 11/53/28","data":"Updating Point Success"},{"time":"24/11/2023 : 12/0/40","data":"Updating Point Success"},{"time":"24/11/2023 : 12/7/52","data":"Updating Point Success"},{"time":"24/11/2023 : 12/15/4","data":"Updating Point Success"},{"time":"24/11/2023 : 12/22/16","data":"Updating Point Success"},{"time":"24/11/2023 : 12/29/28","data":"Updating Point Success"},{"time":"24/11/2023 : 12/36/40","data":"Updating Point Success"},{"time":"24/11/2023 : 12/43/52","data":"Updating Point Success"},{"time":"24/11/2023 : 12/51/4","data":"Updating Point Success"},{"time":"24/11/2023 : 12/58/16","data":"Updating Point Success"},{"time":"24/11/2023 : 13/5/28","data":"Updating Point Success"},{"time":"24/11/2023 : 14/14/0","data":"WEB Server berlari di port 3000"},{"time":"24/11/2023 : 14/14/15","data":"Autentikasi EulaBOT Berhasil"},{"time":"24/11/2023 : 14/14/15","data":"EulaBOT siap Dipakai!"},{"time":"24/11/2023 : 14/14/33","data":"62895395391278-ahang request Unreg User : Process"},{"time":"24/11/2023 : 14/14/33","data":"62895395391278-ahang request Unreg User : Success"},{"time":"24/11/2023 : 14/16/18","data":"WEB Server berlari di port 3000"},{"time":"24/11/2023 : 14/16/33","data":"Autentikasi EulaBOT Berhasil"},{"time":"24/11/2023 : 14/16/34","data":"EulaBOT siap Dipakai!"},{"time":"24/11/2023 : 14/16/43","data":"62895395391278-ahang request Unreg User : Process"},{"time":"24/11/2023 : 14/16/43","data":"62895395391278-ahang request Unreg User : Success"},{"time":"24/11/2023 : 14/16/51","data":"62895395391278-ahang request Unreg User : Process"},{"time":"24/11/2023 : 14/16/51","data":"62895395391278-ahang request Unreg User : Success"},{"time":"24/11/2023 : 14/18/7","data":"WEB Server berlari di port 3000"},{"time":"24/11/2023 : 14/18/23","data":"Autentikasi EulaBOT Berhasil"},{"time":"24/11/2023 : 14/18/23","data":"EulaBOT siap Dipakai!"},{"time":"24/11/2023 : 14/18/33","data":"62895395391278-ahang request Unreg User : Process"},{"time":"24/11/2023 : 14/18/33","data":"62895395391278-ahang request Unreg User : Success"},{"time":"24/11/2023 : 14/18/37","data":"62895395391278-ahang request Unreg User : Process"},{"time":"24/11/2023 : 14/18/37","data":"62895395391278-ahang request Unreg User : Failed, Nomor Tidak Ditemukan"},{"time":"24/11/2023 : 14/19/31","data":"62895395391278-ahang request Unreg User : Process"},{"time":"24/11/2023 : 14/19/31","data":"62895395391278-ahang request Unreg User : Failed, Nomor Tidak Ditemukan"},{"time":"24/11/2023 : 14/20/9","data":"WEB Server berlari di port 3000"},{"time":"24/11/2023 : 14/20/24","data":"Autentikasi EulaBOT Berhasil"},{"time":"24/11/2023 : 14/20/25","data":"EulaBOT siap Dipakai!"},{"time":"24/11/2023 : 14/20/46","data":"62895395391278-ahang request Unreg User : Process"},{"time":"24/11/2023 : 14/20/46","data":"62895395391278-ahang request Unreg User : Failed, Nomor Tidak Ditemukan"},{"time":"24/11/2023 : 14/23/19","data":"WEB Server berlari di port 3000"},{"time":"24/11/2023 : 14/23/34","data":"Autentikasi EulaBOT Berhasil"},{"time":"24/11/2023 : 14/23/35","data":"EulaBOT siap Dipakai!"},{"time":"24/11/2023 : 14/24/35","data":"62895395391278-ahang request Unreg User : Process"},{"time":"24/11/2023 : 14/24/35","data":"62895395391278-ahang request Unreg User : Success"},{"time":"24/11/2023 : 14/30/31","data":"Updating Point Success"},{"time":"24/11/2023 : 14/37/43","data":"Updating Point Success"},{"time":"24/11/2023 : 14/44/55","data":"Updating Point Success"},{"time":"24/11/2023 : 14/52/7","data":"Updating Point Success"},{"time":"24/11/2023 : 14/59/19","data":"Updating Point Success"},{"time":"24/11/2023 : 15/6/31","data":"Updating Point Success"},{"time":"24/11/2023 : 15/13/43","data":"Updating Point Success"},{"time":"24/11/2023 : 15/20/55","data":"Updating Point Success"},{"time":"24/11/2023 : 15/28/7","data":"Updating Point Success"},{"time":"24/11/2023 : 15/35/19","data":"Updating Point Success"},{"time":"24/11/2023 : 15/42/31","data":"Updating Point Success"},{"time":"24/11/2023 : 17/17/14","data":"WEB Server berlari di port 3000"},{"time":"24/11/2023 : 17/17/30","data":"Autentikasi EulaBOT Berhasil"},{"time":"24/11/2023 : 17/17/30","data":"EulaBOT siap Dipakai!"},{"time":"24/11/2023 : 17/24/26","data":"Updating Point Success"},{"time":"24/11/2023 : 17/31/16","data":"WEB Server berlari di port 3000"},{"time":"24/11/2023 : 17/31/31","data":"Autentikasi EulaBOT Berhasil"},{"time":"24/11/2023 : 17/31/31","data":"EulaBOT siap Dipakai!"},{"time":"24/11/2023 : 17/31/42","data":"62895395391278-ahang request Ban User : Failed, Format Salah"},{"time":"24/11/2023 : 17/32/15","data":"62895395391278-ahang request Ban User : Failed, nomor tidak ditemukan"},{"time":"24/11/2023 : 17/32/54","data":"62895395391278-ahang request Ban User : Success, ban 6285608689687"},{"time":"24/11/2023 : 17/32/59","data":"62895395391278-ahang request Test Command : Process"},{"time":"24/11/2023 : 17/32/59","data":"62895395391278-ahang request Test Command : Success"},{"time":"24/11/2023 : 17/36/33","data":"62895395391278-ahang request HSR Waifu : Process"},{"time":"24/11/2023 : 17/36/35","data":"62895395391278-ahang request HSR Waifu : Success"},{"time":"24/11/2023 : 17/36/58","data":"62895395391278-ahang request Stiker : Process"},{"time":"24/11/2023 : 17/36/59","data":"62895395391278-ahang request Stiker : Success"},{"time":"24/11/2023 : 17/38/28","data":"Updating Point Success"},{"time":"24/11/2023 : 17/45/40","data":"Updating Point Success"},{"time":"24/11/2023 : 17/52/52","data":"Updating Point Success"},{"time":"24/11/2023 : 18/0/4","data":"Updating Point Success"},{"time":"24/11/2023 : 18/7/16","data":"Updating Point Success"},{"time":"24/11/2023 : 18/14/28","data":"Updating Point Success"},{"time":"24/11/2023 : 18/21/40","data":"Updating Point Success"},{"time":"24/11/2023 : 18/28/52","data":"Updating Point Success"},{"time":"24/11/2023 : 18/36/7","data":"Updating Point Success"},{"time":"24/11/2023 : 18/43/8","data":"62895395391278-ahang request Ban User : Success, ban 6285608689687"},{"time":"24/11/2023 : 18/43/19","data":"WEB Server berlari di port 3000"},{"time":"24/11/2023 : 18/43/35","data":"Autentikasi EulaBOT Berhasil"},{"time":"24/11/2023 : 18/43/35","data":"EulaBOT siap Dipakai!"},{"time":"24/11/2023 : 18/43/41","data":"62895395391278-ahang request Ban User : Success, ban 6285608689687"},{"time":"24/11/2023 : 18/44/6","data":"WEB Server berlari di port 3000"},{"time":"24/11/2023 : 18/44/23","data":"Autentikasi EulaBOT Berhasil"},{"time":"24/11/2023 : 18/44/23","data":"EulaBOT siap Dipakai!"},{"time":"24/11/2023 : 18/44/38","data":"62895395391278-ahang request Ban User : Success, ban 6285608689687"},{"time":"24/11/2023 : 18/51/18","data":"Updating Point Success"},{"time":"24/11/2023 : 18/54/16","data":"WEB Server berlari di port 3000"},{"time":"24/11/2023 : 18/54/32","data":"Autentikasi EulaBOT Berhasil"},{"time":"24/11/2023 : 18/54/33","data":"EulaBOT siap Dipakai!"},{"time":"24/11/2023 : 18/54/35","data":"62895395391278-ahang request Unban User : Success, unban 6285608689687"},{"time":"24/11/2023 : 18/56/51","data":"62895395391278-ahang request Menu : Process"},{"time":"24/11/2023 : 18/56/51","data":"62895395391278-ahang request Menu : Success"},{"time":"24/11/2023 : 18/58/5","data":"62895395391278-ahang request Group Info : Process"},{"time":"24/11/2023 : 18/58/5","data":"62895395391278-ahang request Group Info : Success"},{"time":"24/11/2023 : 21/37/52","data":"WEB Server berlari di port 3000"},{"time":"24/11/2023 : 21/38/8","data":"Autentikasi EulaBOT Berhasil"},{"time":"24/11/2023 : 21/38/9","data":"EulaBOT siap Dipakai!"},{"time":"24/11/2023 : 21/38/23","data":"62895395391278-ahang request User List : Process"},{"time":"24/11/2023 : 21/39/31","data":"WEB Server berlari di port 3000"},{"time":"24/11/2023 : 21/39/47","data":"Autentikasi EulaBOT Berhasil"},{"time":"24/11/2023 : 21/39/47","data":"EulaBOT siap Dipakai!"},{"time":"24/11/2023 : 21/39/58","data":"62895395391278-ahang request User List : Process"},{"time":"24/11/2023 : 21/39/58","data":"62895395391278-ahang request User List : Success"},{"time":"24/11/2023 : 21/40/24","data":"WEB Server berlari di port 3000"},{"time":"24/11/2023 : 21/40/40","data":"Autentikasi EulaBOT Berhasil"},{"time":"24/11/2023 : 21/40/40","data":"EulaBOT siap Dipakai!"},{"time":"24/11/2023 : 21/40/48","data":"62895395391278-ahang request User List : Process"},{"time":"24/11/2023 : 21/40/48","data":"62895395391278-ahang request User List : Success"},{"time":"24/11/2023 : 21/47/36","data":"Updating Point Success"},{"time":"24/11/2023 : 21/54/48","data":"Updating Point Success"},{"time":"24/11/2023 : 22/2/0","data":"Updating Point Success"},{"time":"24/11/2023 : 22/9/12","data":"Updating Point Success"},{"time":"24/11/2023 : 22/16/24","data":"Updating Point Success"},{"time":"24/11/2023 : 22/23/36","data":"Updating Point Success"},{"time":"24/11/2023 : 22/30/48","data":"Updating Point Success"},{"time":"24/11/2023 : 22/42/33","data":"WEB Server berlari di port 3000"},{"time":"24/11/2023 : 22/42/49","data":"Autentikasi EulaBOT Berhasil"},{"time":"24/11/2023 : 22/42/49","data":"EulaBOT siap Dipakai!"},{"time":"24/11/2023 : 22/43/0","data":"62895395391278-ahang request Set Rank : Process"},{"time":"24/11/2023 : 22/43/0","data":"62895395391278-ahang request Set Rank : Success"},{"time":"24/11/2023 : 22/43/12","data":"62895395391278-ahang request Set Rank : Process"},{"time":"24/11/2023 : 22/43/12","data":"62895395391278-ahang request Set Rank : Success"},{"time":"24/11/2023 : 22/45/30","data":"WEB Server berlari di port 3000"},{"time":"24/11/2023 : 22/45/45","data":"Autentikasi EulaBOT Berhasil"},{"time":"24/11/2023 : 22/45/46","data":"EulaBOT siap Dipakai!"},{"time":"24/11/2023 : 22/48/30","data":"62895395391278-ahang request Menu : Process"},{"time":"24/11/2023 : 22/48/30","data":"62895395391278-ahang request Menu : Success"},{"time":"24/11/2023 : 22/50/52","data":"WEB Server berlari di port 3000"},{"time":"24/11/2023 : 22/51/8","data":"Autentikasi EulaBOT Berhasil"},{"time":"24/11/2023 : 22/51/8","data":"EulaBOT siap Dipakai!"},{"time":"24/11/2023 : 22/51/19","data":"62895395391278-ahang request Set Rank : Process"},{"time":"24/11/2023 : 22/51/19","data":"62895395391278-ahang request Set Rank : Success"},{"time":"24/11/2023 : 22/51/22","data":"62895395391278-ahang request Set Rank : Process"},{"time":"24/11/2023 : 22/51/22","data":"62895395391278-ahang request Set Rank : Failed, Rank user sudah gold"},{"time":"24/11/2023 : 22/51/27","data":"62895395391278-ahang request Set Rank : Process"},{"time":"24/11/2023 : 22/51/27","data":"62895395391278-ahang request Set Rank : Failed, Rank input Invalid"},{"time":"24/11/2023 : 22/51/34","data":"62895395391278-ahang request Set Rank : Process"},{"time":"24/11/2023 : 22/51/34","data":"62895395391278-ahang request Set Rank : Success"},{"time":"24/11/2023 : 22/51/41","data":"62895395391278-ahang request Set Rank : Process"},{"time":"24/11/2023 : 22/51/41","data":"62895395391278-ahang request Set Rank : Failed, Format Salah"},{"time":"24/11/2023 : 22/51/46","data":"62895395391278-ahang request Set Rank : Process"},{"time":"24/11/2023 : 22/51/46","data":"62895395391278-ahang request Set Rank : Failed, Rank input Invalid"},{"time":"24/11/2023 : 22/51/56","data":"62895395391278-ahang request Set Rank : Process"},{"time":"24/11/2023 : 22/51/56","data":"62895395391278-ahang request Set Rank : Failed, Nomor Tidak Ditemukan"},{"time":"24/11/2023 : 22/58/4","data":"Updating Point Success"},{"time":"24/11/2023 : 23/5/9","data":"WEB Server berlari di port 3000"},{"time":"24/11/2023 : 23/5/25","data":"Autentikasi EulaBOT Berhasil"},{"time":"24/11/2023 : 23/5/25","data":"EulaBOT siap Dipakai!"},{"time":"24/11/2023 : 23/5/26","data":"62895395391278-ahang request Set Admin : Process"},{"time":"24/11/2023 : 23/5/26","data":"62895395391278-ahang request Set Admin : Success"},{"time":"24/11/2023 : 23/5/32","data":"62895395391278-ahang request Set Admin : Process"},{"time":"24/11/2023 : 23/5/32","data":"62895395391278-ahang request Set Admin : Failed, user sudah menjadi admin"},{"time":"24/11/2023 : 23/5/37","data":"62895395391278-ahang request UnAdmin : Process"},{"time":"24/11/2023 : 23/5/37","data":"62895395391278-ahang request UnAdmin : Failed, user sudah menjadi admin"},{"time":"24/11/2023 : 23/5/55","data":"WEB Server berlari di port 3000"},{"time":"24/11/2023 : 23/6/10","data":"Autentikasi EulaBOT Berhasil"},{"time":"24/11/2023 : 23/6/11","data":"EulaBOT siap Dipakai!"},{"time":"24/11/2023 : 23/6/14","data":"62895395391278-ahang request UnAdmin : Process"},{"time":"24/11/2023 : 23/6/14","data":"62895395391278-ahang request UnAdmin : Success"},{"time":"24/11/2023 : 23/6/16","data":"62895395391278-ahang request UnAdmin : Process"},{"time":"24/11/2023 : 23/6/16","data":"62895395391278-ahang request UnAdmin : Failed, user sudah menjadi admin"},{"time":"24/11/2023 : 23/13/7","data":"Updating Point Success"},{"time":"24/11/2023 : 23/14/44","data":"WEB Server berlari di port 3000"},{"time":"24/11/2023 : 23/14/59","data":"Autentikasi EulaBOT Berhasil"},{"time":"24/11/2023 : 23/14/59","data":"EulaBOT siap Dipakai!"},{"time":"24/11/2023 : 23/17/7","data":"62895395391278-ahang request Set Info : Process"},{"time":"24/11/2023 : 23/17/7","data":"62895395391278-ahang request Set Info : Success"},{"time":"24/11/2023 : 23/17/11","data":"62895395391278-ahang request Menu : Process"},{"time":"24/11/2023 : 23/17/11","data":"62895395391278-ahang request Menu : Success"},{"time":"24/11/2023 : 23/18/19","data":"62895395391278-ahang request Set Info : Process"},{"time":"24/11/2023 : 23/18/19","data":"62895395391278-ahang request Set Info : Success"},{"time":"24/11/2023 : 23/18/22","data":"62895395391278-ahang request Menu : Process"},{"time":"24/11/2023 : 23/18/22","data":"62895395391278-ahang request Menu : Success"}]