[{"number":"62895395391278","name":"ahang","rank":"bronze","point":-99,"hit":120,"log":[{"time":1702959944,"activity":"Test Command","group":"KOMUNITAS VARIASI BRONYA","status":"Process"},{"time":1702959944,"activity":"Test Command","group":"KOMUNITAS VARIASI BRONYA","status":"Success"},{"time":1702960235,"activity":"Jadwal Sholat","group":"KOMUNITAS VARIASI BRONYA","status":"Process"},{"time":1702960236,"activity":"Jadwal Sholat","group":"KOMUNITAS VARIASI BRONYA","status":"Success "},{"time":1702960273,"activity":"Jadwal Sholat","group":"KOMUNITAS VARIASI BRONYA","status":"Process"},{"time":1702960274,"activity":"Jadwal Sholat","group":"KOMUNITAS VARIASI BRONYA","status":"Success "},{"time":1703254869,"activity":"Wangi 1","group":false,"status":"Process"},{"time":1703254869,"activity":"Wangi 1","group":false,"status":"Success, Waifu :eula"},{"time":1703254872,"activity":"Wangi 2","group":false,"status":"Process"},{"time":1703254872,"activity":"Wangi 2","group":false,"status":"Success, Waifu :eula"},{"time":1703254904,"activity":"Wangi 3","group":"KOMUNITAS VARIASI BRONYA","status":"Process"},{"time":1703254904,"activity":"Wangi 3","group":"KOMUNITAS VARIASI BRONYA","status":"Success, Waifu :eula"},{"time":1703254926,"activity":"Wangi 4","group":"KOMUNITAS VARIASI BRONYA","status":"Process"},{"time":1703254926,"activity":"Wangi 4","group":"KOMUNITAS VARIASI BRONYA","status":"Success, Waifu :eula"},{"time":1703254970,"activity":"Wangi Furry","group":"KOMUNITAS VARIASI BRONYA","status":"Process"},{"time":1703254970,"activity":"Wangi Furry","group":"KOMUNITAS VARIASI BRONYA","status":"Success, Waifu :wedus"},{"time":1703255273,"activity":"Menu","group":false,"status":"Process"},{"time":1703255273,"activity":"Menu","group":false,"status":"Success"},{"time":1703255294,"activity":"Menu","group":false,"status":"Process"},{"time":1703255294,"activity":"Menu","group":false,"status":"Success"},{"time":1703255355,"activity":"Menu","group":false,"status":"Process"},{"time":1703255355,"activity":"Menu","group":false,"status":"Success"},{"time":1703255377,"activity":"Menu","group":false,"status":"Process"},{"time":1703255378,"activity":"Menu","group":false,"status":"Success"},{"time":1703255447,"activity":"Menu","group":false,"status":"Process"},{"time":1703255447,"activity":"Menu","group":false,"status":"Success"},{"time":1703255594,"activity":"Menu","group":false,"status":"Process"},{"time":1703255594,"activity":"Menu","group":false,"status":"Success"},{"time":1703255690,"activity":"Menu","group":false,"status":"Process"},{"time":1703255690,"activity":"Menu","group":false,"status":"Success"},{"time":1703256594,"activity":"Menu","group":false,"status":"Process"},{"time":1703256594,"activity":"Menu","group":false,"status":"Success"},{"time":1703256629,"activity":"Menu","group":"KOMUNITAS VARIASI BRONYA","status":"Process"},{"time":1703256629,"activity":"Menu","group":"KOMUNITAS VARIASI BRONYA","status":"Success"},{"time":1703257796,"activity":"Menu","group":false,"status":"Process"},{"time":1703257796,"activity":"Menu","group":false,"status":"Success"},{"time":1703259986,"activity":"Menu","group":false,"status":"Process"},{"time":1703259986,"activity":"Menu","group":false,"status":"Success"},{"time":1703259995,"activity":"Menu","group":false,"status":"Process"},{"time":1703259995,"activity":"Menu","group":false,"status":"Success"},{"time":1703260443,"activity":"Menu","group":false,"status":"Process"},{"time":1703260443,"activity":"Menu","group":false,"status":"Success"},{"time":1703260450,"activity":"Menu","group":false,"status":"Process"},{"time":1703260450,"activity":"Menu","group":false,"status":"Success"},{"time":1703260493,"activity":"Stiker","group":false,"status":"Process"},{"time":1703260493,"activity":"Stiker","group":false,"status":"Success"},{"time":1703260500,"activity":"Menu","group":false,"status":"Process"},{"time":1703260500,"activity":"Menu","group":false,"status":"Success"},{"time":1703261348,"activity":"WEB Screenshoot","group":false,"status":"Process"},{"time":1703261354,"activity":"WEB Screenshoot","group":false,"status":"Failed"},{"time":1703261367,"activity":"WEB Screenshoot","group":false,"status":"Process"},{"time":1703261374,"activity":"WEB Screenshoot","group":false,"status":"Success"},{"time":1703261396,"activity":"WEB Screenshoot","group":false,"status":"Process"},{"time":1703261404,"activity":"WEB Screenshoot","group":false,"status":"Success"},{"time":1703323579,"activity":"TikTok Downloader MP4","group":false,"status":"Process"},{"time":1703323601,"activity":"TikTok Downloader MP4","group":false,"status":"Failed, url invalid"},{"time":1703323830,"activity":"TikTok Downloader MP4","group":false,"status":"Process"},{"time":1703323852,"activity":"TikTok Downloader MP4","group":false,"status":"Failed, url invalid"},{"time":1703329871,"activity":"TikTok Downloader MP4","group":false,"status":"Process"},{"time":1703329996,"activity":"TikTok Downloader MP4","group":false,"status":"Process"},{"time":1703330015,"activity":"TikTok Downloader MP4","group":false,"status":"Konten tidak ditemukan"},{"time":1703341004,"activity":"TikTok Downloader MP4","group":false,"status":"Process"},{"time":1703341010,"activity":"TikTok Downloader MP4","group":false,"status":"Success"},{"time":1703341106,"activity":"TikTok Downloader MP4","group":false,"status":"Process"},{"time":1703341111,"activity":"TikTok Downloader MP4","group":false,"status":"Success"},{"time":1703344168,"activity":"TikTok Downloader MP3","group":false,"status":"Process"},{"time":1703344216,"activity":"TikTok Downloader MP3","group":false,"status":"Process"},{"time":1703344219,"activity":"TikTok Downloader MP3","group":false,"status":"Success"},{"time":1703351740,"activity":"Random Waifu","group":false,"status":"Process"},{"time":1703351740,"activity":"Random Waifu","group":false,"status":"Failed, error getting image"},{"time":1703351794,"activity":"Random Waifu","group":false,"status":"Process"},{"time":1703351800,"activity":"Random Waifu","group":false,"status":"Success"},{"time":1703351812,"activity":"Random Waifu","group":false,"status":"Process"},{"time":1703351813,"activity":"Random Waifu","group":false,"status":"Success"},{"time":1703351824,"activity":"Random Waifu","group":false,"status":"Process"},{"time":1703351825,"activity":"Random Waifu","group":false,"status":"Success"},{"time":1703352382,"activity":"Hentai","group":false,"status":"Process"},{"time":1703352385,"activity":"Hentai","group":false,"status":"Success"},{"time":1703352392,"activity":"Test Command","group":false,"status":"Process"},{"time":1703352392,"activity":"Test Command","group":false,"status":"Success"},{"time":1703354256,"activity":"Hentai","group":false,"status":"Process"},{"time":1703354264,"activity":"Hentai","group":false,"status":"Success"},{"time":1703354288,"activity":"Menu","group":false,"status":"Process"},{"time":1703354288,"activity":"Menu","group":false,"status":"Success"},{"time":1703354369,"activity":"Menu","group":false,"status":"Process"},{"time":1703354369,"activity":"Menu","group":false,"status":"Success"},{"time":1703356124,"activity":"Register Group","group":"GC EULABOT DEV","status":"Process"},{"time":1703356169,"activity":"Register Group","group":"GC EULABOT DEV","status":"Process"},{"time":1703356169,"activity":"Register Group","group":"GC EULABOT DEV","status":"Success"},{"time":1703390685,"activity":"Chat GPT","group":false,"status":"Process"},{"time":1703390689,"activity":"Chat GPT","group":false,"status":"Success"},{"time":1703390709,"activity":"Chat GPT","group":"KOMUNITAS VARIASI BRONYA","status":"Process"},{"time":1703390712,"activity":"Chat GPT","group":"KOMUNITAS VARIASI BRONYA","status":"Success"},{"time":1703390851,"activity":"Chat GPT","group":"KOMUNITAS VARIASI BRONYA","status":"Process"},{"time":1703390851,"activity":"Chat GPT","group":"KOMUNITAS VARIASI BRONYA","status":"Failed, Query Tidak Ditemukan"},{"time":1703390858,"activity":"Chat GPT","group":"KOMUNITAS VARIASI BRONYA","status":"Process"},{"time":1703390862,"activity":"Chat GPT","group":"KOMUNITAS VARIASI BRONYA","status":"Success"},{"time":1703390934,"activity":"Bard AI","group":"KOMUNITAS VARIASI BRONYA","status":"Process"},{"time":1703390942,"activity":"Bard AI","group":"KOMUNITAS VARIASI BRONYA","status":"Success"},{"time":1703390961,"activity":"Bard AI","group":"KOMUNITAS VARIASI BRONYA","status":"Process"},{"time":1703390967,"activity":"Bard AI","group":"KOMUNITAS VARIASI BRONYA","status":"Success"},{"time":1703391007,"activity":"Genshin Waifu","group":"KOMUNITAS VARIASI BRONYA","status":"Process"},{"time":1703391009,"activity":"Genshin Waifu","group":"KOMUNITAS VARIASI BRONYA","status":"Success"},{"time":1703391014,"activity":"Random Waifu","group":"KOMUNITAS VARIASI BRONYA","status":"Process"},{"time":1703391016,"activity":"Random Waifu","group":"KOMUNITAS VARIASI BRONYA","status":"Success"},{"time":1703391020,"activity":"HSR Waifu","group":"KOMUNITAS VARIASI BRONYA","status":"Process"},{"time":1703391022,"activity":"HSR Waifu","group":"KOMUNITAS VARIASI BRONYA","status":"Success"},{"time":1703391110,"activity":"Menu","group":"KOMUNITAS VARIASI BRONYA","status":"Process"},{"time":1703391110,"activity":"Menu","group":"KOMUNITAS VARIASI BRONYA","status":"Success"},{"time":1703391131,"activity":"HSR Waifu","group":"KOMUNITAS VARIASI BRONYA","status":"Process"},{"time":1703391132,"activity":"HSR Waifu","group":"KOMUNITAS VARIASI BRONYA","status":"Success"},{"time":1703391135,"activity":"Menu","group":"KOMUNITAS VARIASI BRONYA","status":"Process"},{"time":1703391135,"activity":"Menu","group":"KOMUNITAS VARIASI BRONYA","status":"Success"},{"time":1703391235,"activity":"HSR Waifu","group":false,"status":"Process"},{"time":1703391237,"activity":"HSR Waifu","group":false,"status":"Success"},{"time":1703391249,"activity":"Menu","group":false,"status":"Process"},{"time":1703391249,"activity":"Menu","group":false,"status":"Success"},{"time":1703391476,"activity":"Test Command","group":false,"status":"Process"},{"time":1703391476,"activity":"Test Command","group":false,"status":"Success"},{"time":1703391484,"activity":"HSR Waifu","group":false,"status":"Process"},{"time":1703391485,"activity":"HSR Waifu","group":false,"status":"Success"},{"time":1703391489,"activity":"Menu","group":false,"status":"Process"},{"time":1703391489,"activity":"Menu","group":false,"status":"Success"},{"time":1703391550,"activity":"HSR Waifu","group":"KOMUNITAS VARIASI BRONYA","status":"Process"},{"time":1703391552,"activity":"HSR Waifu","group":"KOMUNITAS VARIASI BRONYA","status":"Success"},{"time":1703391699,"activity":"HSR Waifu","group":"KOMUNITAS VARIASI BRONYA","status":"Process"},{"time":1703391700,"activity":"HSR Waifu","group":"KOMUNITAS VARIASI BRONYA","status":"Success"},{"time":1703391807,"activity":"HSR Waifu","group":"KOMUNITAS VARIASI BRONYA","status":"Process"},{"time":1703391809,"activity":"HSR Waifu","group":"KOMUNITAS VARIASI BRONYA","status":"Success"},{"time":1703391822,"activity":"HSR Waifu","group":"KOMUNITAS VARIASI BRONYA","status":"Process"},{"time":1703391823,"activity":"HSR Waifu","group":"KOMUNITAS VARIASI BRONYA","status":"Success"},{"time":1703391863,"activity":"HSR Waifu","group":"KOMUNITAS VARIASI BRONYA","status":"Process"},{"time":1703391865,"activity":"HSR Waifu","group":"KOMUNITAS VARIASI BRONYA","status":"Success"},{"time":1703391929,"activity":"HSR Waifu","group":"KOMUNITAS VARIASI BRONYA","status":"Process"},{"time":1703391930,"activity":"HSR Waifu","group":"KOMUNITAS VARIASI BRONYA","status":"Success"},{"time":1703391937,"activity":"HSR Waifu","group":"KOMUNITAS VARIASI BRONYA","status":"Process"},{"time":1703391939,"activity":"HSR Waifu","group":"KOMUNITAS VARIASI BRONYA","status":"Success"},{"time":1703391946,"activity":"HSR Waifu","group":"KOMUNITAS VARIASI BRONYA","status":"Process"},{"time":1703391948,"activity":"HSR Waifu","group":"KOMUNITAS VARIASI BRONYA","status":"Success"},{"time":1703391962,"activity":"HSR Waifu","group":"KOMUNITAS VARIASI BRONYA","status":"Process"},{"time":1703391964,"activity":"HSR Waifu","group":"KOMUNITAS VARIASI BRONYA","status":"Success"},{"time":1703392098,"activity":"HSR Waifu","group":"KOMUNITAS VARIASI BRONYA","status":"Process"},{"time":1703392099,"activity":"HSR Waifu","group":"KOMUNITAS VARIASI BRONYA","status":"Success"},{"time":1703392127,"activity":"HSR Waifu","group":"KOMUNITAS VARIASI BRONYA","status":"Process"},{"time":1703392128,"activity":"HSR Waifu","group":"KOMUNITAS VARIASI BRONYA","status":"Success"},{"time":1703392172,"activity":"HSR Waifu","group":"KOMUNITAS VARIASI BRONYA","status":"Process"},{"time":1703392173,"activity":"HSR Waifu","group":"KOMUNITAS VARIASI BRONYA","status":"Success"},{"time":1703392191,"activity":"Genshin Waifu","group":"KOMUNITAS VARIASI BRONYA","status":"Process"},{"time":1703392192,"activity":"Genshin Waifu","group":"KOMUNITAS VARIASI BRONYA","status":"Success"},{"time":1703392228,"activity":"Hentai","group":"KOMUNITAS VARIASI BRONYA","status":"Process"},{"time":1703392230,"activity":"Hentai","group":"KOMUNITAS VARIASI BRONYA","status":"Success"},{"time":1703392248,"activity":"Genshin Waifu","group":"KOMUNITAS VARIASI BRONYA","status":"Process"},{"time":1703392250,"activity":"Genshin Waifu","group":"KOMUNITAS VARIASI BRONYA","status":"Success"},{"time":1703392290,"activity":"HSR Waifu","group":"KOMUNITAS VARIASI BRONYA","status":"Process"},{"time":1703392292,"activity":"HSR Waifu","group":"KOMUNITAS VARIASI BRONYA","status":"Success"},{"time":1703392326,"activity":"Genshin Waifu","group":"KOMUNITAS VARIASI BRONYA","status":"Process"},{"time":1703392328,"activity":"Genshin Waifu","group":"KOMUNITAS VARIASI BRONYA","status":"Success"},{"time":1703392468,"activity":"HSR Waifu","group":"KOMUNITAS VARIASI BRONYA","status":"Process"},{"time":1703392470,"activity":"HSR Waifu","group":"KOMUNITAS VARIASI BRONYA","status":"Success"},{"time":1703392487,"activity":"Genshin Waifu","group":"KOMUNITAS VARIASI BRONYA","status":"Process"},{"time":1703392489,"activity":"Genshin Waifu","group":"KOMUNITAS VARIASI BRONYA","status":"Success"},{"time":1703392560,"activity":"WEB Screenshoot","group":"KOMUNITAS VARIASI BRONYA","status":"Process"},{"time":1703392569,"activity":"WEB Screenshoot","group":"KOMUNITAS VARIASI BRONYA","status":"Success"},{"time":1703392621,"activity":"Chat GPT","group":"KOMUNITAS VARIASI BRONYA","status":"Process"},{"time":1703392625,"activity":"Chat GPT","group":"KOMUNITAS VARIASI BRONYA","status":"Success"},{"time":1703392906,"activity":"Menu","group":"KOMUNITAS VARIASI BRONYA","status":"Process"},{"time":1703392906,"activity":"Menu","group":"KOMUNITAS VARIASI BRONYA","status":"Success"},{"time":1703402073,"activity":"Unreg User","group":"KOMUNITAS VARIASI BRONYA","status":"Process"},{"time":1703402073,"activity":"Unreg User","group":"KOMUNITAS VARIASI BRONYA","status":"Success"},{"time":1703402203,"activity":"Unreg User","group":"KOMUNITAS VARIASI BRONYA","status":"Process"},{"time":1703402203,"activity":"Unreg User","group":"KOMUNITAS VARIASI BRONYA","status":"Success"},{"time":1703402211,"activity":"Unreg User","group":"KOMUNITAS VARIASI BRONYA","status":"Process"},{"time":1703402211,"activity":"Unreg User","group":"KOMUNITAS VARIASI BRONYA","status":"Success"},{"time":1703402313,"activity":"Unreg User","group":"KOMUNITAS VARIASI BRONYA","status":"Process"},{"time":1703402313,"activity":"Unreg User","group":"KOMUNITAS VARIASI BRONYA","status":"Success"},{"time":1703402317,"activity":"Unreg User","group":"KOMUNITAS VARIASI BRONYA","status":"Process"},{"time":1703402317,"activity":"Unreg User","group":"KOMUNITAS VARIASI BRONYA","status":"Failed, Nomor Tidak Ditemukan"},{"time":1703402371,"activity":"Unreg User","group":"KOMUNITAS VARIASI BRONYA","status":"Process"},{"time":1703402371,"activity":"Unreg User","group":"KOMUNITAS VARIASI BRONYA","status":"Failed, Nomor Tidak Ditemukan"},{"time":1703402446,"activity":"Unreg User","group":"KOMUNITAS VARIASI BRONYA","status":"Process"},{"time":1703402446,"activity":"Unreg User","group":"KOMUNITAS VARIASI BRONYA","status":"Failed, Nomor Tidak Ditemukan"},{"time":1703402675,"activity":"Unreg User","group":"KOMUNITAS VARIASI BRONYA","status":"Process"},{"time":1703402675,"activity":"Unreg User","group":"KOMUNITAS VARIASI BRONYA","status":"Success"},{"time":1703413902,"activity":"Ban User","group":"KOMUNITAS VARIASI BRONYA","status":"Failed, Format Salah"},{"time":1703413935,"activity":"Ban User","group":false,"status":"Failed, nomor tidak ditemukan"},{"time":1703413974,"activity":"Ban User","group":false,"status":"Success, ban 6285608689687"},{"time":1703413979,"activity":"Test Command","group":"KOMUNITAS VARIASI BRONYA","status":"Process"},{"time":1703413979,"activity":"Test Command","group":"KOMUNITAS VARIASI BRONYA","status":"Success"},{"time":1703414193,"activity":"HSR Waifu","group":"KOMUNITAS VARIASI BRONYA","status":"Process"},{"time":1703414195,"activity":"HSR Waifu","group":"KOMUNITAS VARIASI BRONYA","status":"Success"},{"time":1703414218,"activity":"Stiker","group":"KOMUNITAS VARIASI BRONYA","status":"Process"},{"time":1703414219,"activity":"Stiker","group":"KOMUNITAS VARIASI BRONYA","status":"Success"},{"time":1703418188,"activity":"Ban User","group":false,"status":"Success, ban 6285608689687"},{"time":1703418221,"activity":"Ban User","group":false,"status":"Success, ban 6285608689687"},{"time":1703418278,"activity":"Ban User","group":false,"status":"Success, ban 6285608689687"},{"time":1703418875,"activity":"Unban User","group":false,"status":"Success, unban 6285608689687"},{"time":1703419011,"activity":"Menu","group":false,"status":"Process"},{"time":1703419011,"activity":"Menu","group":false,"status":"Success"},{"time":1703419085,"activity":"Group Info","group":"KOMUNITAS VARIASI BRONYA","status":"Process"},{"time":1703419085,"activity":"Group Info","group":"KOMUNITAS VARIASI BRONYA","status":"Success"},{"time":1703428703,"activity":"User List","group":"KOMUNITAS VARIASI BRONYA","status":"Process"},{"time":1703428798,"activity":"User List","group":"KOMUNITAS VARIASI BRONYA","status":"Process"},{"time":1703428798,"activity":"User List","status":"Success"},{"time":1703428848,"activity":"User List","group":"KOMUNITAS VARIASI BRONYA","status":"Process"},{"time":1703428848,"activity":"User List","status":"Success"},{"time":1703432580,"activity":"Set Rank","group":false,"status":"Process"},{"time":1703432580,"activity":"Set Rank","group":false,"status":"Success"},{"time":1703432592,"activity":"Set Rank","group":false,"status":"Process"},{"time":1703432592,"activity":"Set Rank","group":false,"status":"Success"},{"time":1703432910,"activity":"Menu","group":false,"status":"Process"},{"time":1703432910,"activity":"Menu","group":false,"status":"Success"},{"time":1703433079,"activity":"Set Rank","group":false,"status":"Process"},{"time":1703433079,"activity":"Set Rank","group":false,"status":"Success"},{"time":1703433082,"activity":"Set Rank","group":false,"status":"Process"},{"time":1703433082,"activity":"Set Rank","group":false,"status":"Failed, Rank user sudah gold"},{"time":1703433087,"activity":"Set Rank","group":false,"status":"Process"},{"time":1703433087,"activity":"Set Rank","group":false,"status":"Failed, Rank input Invalid"},{"time":1703433094,"activity":"Set Rank","group":false,"status":"Process"},{"time":1703433094,"activity":"Set Rank","group":false,"status":"Success"},{"time":1703433101,"activity":"Set Rank","group":false,"status":"Process"},{"time":1703433101,"activity":"Set Rank","group":false,"status":"Failed, Format Salah"},{"time":1703433106,"activity":"Set Rank","group":false,"status":"Process"},{"time":1703433106,"activity":"Set Rank","group":false,"status":"Failed, Rank input Invalid"},{"time":1703433116,"activity":"Set Rank","group":false,"status":"Process"},{"time":1703433116,"activity":"Set Rank","group":false,"status":"Failed, Nomor Tidak Ditemukan"},{"time":1703433926,"activity":"Set Admin","group":false,"status":"Process"},{"time":1703433926,"activity":"Set Admin","status":"Success"},{"time":1703433932,"activity":"Set Admin","group":false,"status":"Process"},{"time":1703433932,"activity":"Set Admin","status":"Failed, user sudah menjadi admin"},{"time":1703433937,"activity":"UnAdmin","group":false,"status":"Process"},{"time":1703433937,"activity":"UnAdmin","status":"Failed, user sudah menjadi admin"},{"time":1703433974,"activity":"UnAdmin","group":false,"status":"Process"},{"time":1703433974,"activity":"UnAdmin","status":"Success"},{"time":1703433976,"activity":"UnAdmin","group":false,"status":"Process"},{"time":1703433976,"activity":"UnAdmin","status":"Failed, user sudah menjadi admin"},{"time":1703434627,"activity":"Set Info","group":false,"status":"Process"},{"time":1703434627,"activity":"Set Info","status":"Success"},{"time":1703434631,"activity":"Menu","group":false,"status":"Process"},{"time":1703434631,"activity":"Menu","group":false,"status":"Success"},{"time":1703434699,"activity":"Set Info","group":false,"status":"Process"},{"time":1703434699,"activity":"Set Info","status":"Success"},{"time":1703434702,"activity":"Menu","group":false,"status":"Process"},{"time":1703434702,"activity":"Menu","group":false,"status":"Success"}],"admin":true,"owner":true,"register_time":1702959924},{"number":"6285157781613","name":"zagi","rank":"bronze","point":116,"hit":17,"log":[{"time":1703391759,"activity":"HSR Waifu","group":"KOMUNITAS VARIASI BRONYA","status":"Process"},{"time":1703391761,"activity":"HSR Waifu","group":"KOMUNITAS VARIASI BRONYA","status":"Success"},{"time":1703391795,"activity":"HSR Waifu","group":"KOMUNITAS VARIASI BRONYA","status":"Process"},{"time":1703391796,"activity":"HSR Waifu","group":"KOMUNITAS VARIASI BRONYA","status":"Success"},{"time":1703391836,"activity":"HSR Waifu","group":"KOMUNITAS VARIASI BRONYA","status":"Process"},{"time":1703391837,"activity":"HSR Waifu","group":"KOMUNITAS VARIASI BRONYA","status":"Success"},{"time":1703391891,"activity":"HSR Waifu","group":"KOMUNITAS VARIASI BRONYA","status":"Process"},{"time":1703391892,"activity":"HSR Waifu","group":"KOMUNITAS VARIASI BRONYA","status":"Success"},{"time":1703391916,"activity":"HSR Waifu","group":"KOMUNITAS VARIASI BRONYA","status":"Process"},{"time":1703391917,"activity":"HSR Waifu","group":"KOMUNITAS VARIASI BRONYA","status":"Success"},{"time":1703391973,"activity":"HSR Waifu","group":"KOMUNITAS VARIASI BRONYA","status":"Process"},{"time":1703391975,"activity":"HSR Waifu","group":"KOMUNITAS VARIASI BRONYA","status":"Success"},{"time":1703391986,"activity":"HSR Waifu","group":"KOMUNITAS VARIASI BRONYA","status":"Process"},{"time":1703391987,"activity":"HSR Waifu","group":"KOMUNITAS VARIASI BRONYA","status":"Success"},{"time":1703391997,"activity":"HSR Waifu","group":"KOMUNITAS VARIASI BRONYA","status":"Process"},{"time":1703391998,"activity":"HSR Waifu","group":"KOMUNITAS VARIASI BRONYA","status":"Success"},{"time":1703392013,"activity":"HSR Waifu","group":"KOMUNITAS VARIASI BRONYA","status":"Process"},{"time":1703392014,"activity":"HSR Waifu","group":"KOMUNITAS VARIASI BRONYA","status":"Success"},{"time":1703392041,"activity":"HSR Waifu","group":"KOMUNITAS VARIASI BRONYA","status":"Process"},{"time":1703392043,"activity":"HSR Waifu","group":"KOMUNITAS VARIASI BRONYA","status":"Success"},{"time":1703392061,"activity":"HSR Waifu","group":"KOMUNITAS VARIASI BRONYA","status":"Process"},{"time":1703392063,"activity":"HSR Waifu","group":"KOMUNITAS VARIASI BRONYA","status":"Success"},{"time":1703392140,"activity":"HSR Waifu","group":"KOMUNITAS VARIASI BRONYA","status":"Process"},{"time":1703392141,"activity":"HSR Waifu","group":"KOMUNITAS VARIASI BRONYA","status":"Success"},{"time":1703392254,"activity":"Genshin Waifu","group":"KOMUNITAS VARIASI BRONYA","status":"Process"},{"time":1703392255,"activity":"Genshin Waifu","group":"KOMUNITAS VARIASI BRONYA","status":"Success"},{"time":1703392265,"activity":"HSR Waifu","group":"KOMUNITAS VARIASI BRONYA","status":"Process"},{"time":1703392266,"activity":"HSR Waifu","group":"KOMUNITAS VARIASI BRONYA","status":"Success"},{"time":1703392710,"activity":"Chat GPT","group":"KOMUNITAS VARIASI BRONYA","status":"Process"},{"time":1703392717,"activity":"Chat GPT","group":"KOMUNITAS VARIASI BRONYA","status":"Success"},{"time":1703392811,"activity":"Chat GPT","group":"KOMUNITAS VARIASI BRONYA","status":"Process"},{"time":1703392819,"activity":"Chat GPT","group":"KOMUNITAS VARIASI BRONYA","status":"Success"},{"time":1703392996,"activity":"Chat GPT","group":"KOMUNITAS VARIASI BRONYA","status":"Process"},{"time":1703393003,"activity":"Chat GPT","group":"KOMUNITAS VARIASI BRONYA","status":"Success"}],"admin":false,"owner":false,"register_time":1702959986},{"number":"6285608689687","name":"pacar eula","rank":"bronze","point":500,"hit":0,"log":[],"admin":false,"owner":false,"register_time":1703413961}]